レポートID,レポート名,関連指標ID,関連指標名,対応付け根拠,参考指標ID（同一ファクトBO）,並べ替え,表示列,モジュール,ビジネス・オブジェクト,メトリック照会,出典URL
2073-01-R,地域別の履行計画の進捗 (%),M057,履行計画の節減進捗,同一ファクトBO（唯一の指標）,,不動産履行計画,不動産履行計画 | 完了トランザクションからの合計削減 (USD) | 合計削減目標 (USD) | 計画カテゴリー | 市 | 都道府県 | 国 | 進捗 (%),triMetricFact,triREImplementationPlanFact,triREImplementationPlanFact - 関連レポート - 地域別の履行計画の進捗,https://www.ibm.com/docs/ja/tririga/11.6.0?topic=reports-implementation-plan-progress-by-geography-report
2056-01-R,プロジェクト・タイプ別のオンタイム完成 (%) (My タスク),M002,オンタイム引渡 (%) - My タスク,名称の言い換え（手動対応）,,タスク ID、タスク名,タスクID | タスク名 | タスク・タイプ | 計画上の終了日 | 実終了日,triMetricFact,triREProjectTaskFact,triREProjectTaskFact - 関連レポート - プロジェクト・タイプ別のオンタイム完成 (%) (My タスク),https://www.ibm.com/docs/ja/tririga/11.6.0?topic=rr-time-completion-my-tasks-by-project-type-report
2055-01-R,プロジェクト別のオンタイム完成 (%) (My タスク),M002,オンタイム引渡 (%) - My タスク,名称の言い換え（手動対応）,,タスク ID、タスク名,タスクID | タスク名 | タスク・タイプ | 計画上の終了日 | 実終了日,triMetricFact,triREProjectTaskFact,triREProjectTaskFact - 関連レポート - プロジェクト別のオンタイム完成 (%) (My タスク),https://www.ibm.com/docs/ja/tririga/11.6.0?topic=reports-time-completion-my-tasks-by-project-report
2057-01-R,タスク・タイプ別のオンタイム完成 (%) (My タスク),M002,オンタイム引渡 (%) - My タスク,名称の言い換え（手動対応）,,タスク・タイプ、タスク ID、タスク名,タスク・タイプ | タスクID | タスク名 | 計画上の終了日 | 実終了日,triMetricFact,triREProjectTaskFact,triREProjectTaskFact - 関連レポート - タスク・タイプ別のオンタイム完成 (%) (My タスク),https://www.ibm.com/docs/ja/tririga/11.6.0?topic=rr-time-completion-my-tasks-by-task-type-report
2048-01-R,ポートフォリオ・マネージャー別のオンタイム引渡 (%),M003,オンタイム引渡 (%) - 不動産プロジェクト,名称の言い換え（手動対応）,,プロジェクト名,プロジェクト名 | プロジェクト・タイプ | 不動産プロジェクトの計画上の終了日 | 不動産プロジェクトの実終了日,triMetricFact,triREProjectFact,triREProjectFact - 関連レポート - ポートフォリオ・マネージャー別のオンタイム引渡 (%),https://www.ibm.com/docs/ja/tririga/11.6.0?topic=reports-time-delivery-by-portfolio-manager-report
2049-01-R,プロジェクト・タイプ別のオンタイム引渡 (%),M003,オンタイム引渡 (%) - 不動産プロジェクト,名称の言い換え（手動対応）,,プロジェクト・タイプ、プロジェクト名,プロジェクト・タイプ | プロジェクト名 | 不動産プロジェクトの計画上の終了日 | 不動産プロジェクトの実終了日,triMetricFact,triREProjectFact,triREProjectFact - 関連レポート - プロジェクト・タイプ別のオンタイム引渡 (%),https://www.ibm.com/docs/ja/tririga/11.6.0?topic=reports-time-delivery-by-project-type-report
2061-01-R,オンタイム支払 (%) - My 組織別の不動産契約,M004,オンタイム支払 (%) - My 不動産契約,名称の言い換え（手動対応）,,不動産契約名,不動産契約名 | 不動産契約タイプ | アドレス | 市 | 都道府県 | 国 | オンタイム支払 (%),triMetricFact,triREPaymentFact,triREPaymentFact - 関連レポート - オンタイム支払 (%) - My 組織別の不動産契約,https://www.ibm.com/docs/ja/tririga/11.6.0?topic=rr-time-payment-my-re-contracts-by-organization-report
2064-01-R,オンタイム支払 (%) - My 不動産支払タイプ別の不動産契約,M004,オンタイム支払 (%) - My 不動産契約,名称の言い換え（手動対応）,,支払タイプ、不動産契約名,支払タイプ | 不動産契約名 | 不動産契約タイプ | アドレス | 市 | 都道府県 | 国 | オンタイム支払 (%),triMetricFact,triREContractFact,triREPaymentFact - 関連レポート - オンタイム支払 (%) - My 不動産支払タイプ別の不動産契約,https://www.ibm.com/docs/ja/tririga/11.6.0?topic=rr-time-payment-my-re-contracts-by-payment-type-report
2063-01-R,オンタイム支払 (%) - My 不動産契約タイプ別の不動産契約,M004,オンタイム支払 (%) - My 不動産契約,名称一致,,不動産契約タイプ、不動産契約名,不動産契約タイプ | 不動産契約名 | アドレス | 市 | 都道府県 | 国 | オンタイム支払 (%),triMetricFact,triREPaymentFact,triREPaymentFact - 関連レポート - オンタイム支払 (%) - My 不動産契約タイプ別の不動産契約,https://www.ibm.com/docs/ja/tririga/11.6.0?topic=rr-time-payment-my-re-contracts-by-re-contract-type-report
2062-01-R,オンタイム支払 (%) - My 不動産契約別の不動産契約,M004,オンタイム支払 (%) - My 不動産契約,名称一致,,不動産契約名,不動産契約名 | 不動産契約タイプ | アドレス | 市 | 都道府県 | 国 | オンタイム支払 (%),triMetricFact,triREPaymentFact,triREPaymentFact - 関連レポート - オンタイム支払 (%) - My 不動産契約別の不動産契約,https://www.ibm.com/docs/ja/tririga/11.6.0?topic=rr-time-payment-my-re-contracts-by-re-contract-report
2066-01-R,不動産契約別の監査からの削減 (%),M006,監査からの削減 (%),名称一致,,不動産契約名,不動産契約名 | 貸主あたりの請求金額 | 支払差額 | 不動産契約タイプ | アドレス | 市 | 都道府県 | 国 | 削減率,triMetricFact,triREPaymentReconciliationFact,triREPaymentReconciliationFact - 関連レポート - 不動産契約別の監査からの削減 (%),https://www.ibm.com/docs/ja/tririga/11.6.0?topic=reports-savings-from-audits-by-re-contract-report
2069-01-R,組織別の平均未処理日数,M008,平均未処理日数,名称一致,,不動産契約名,不動産契約名 | 不動産契約タイプ | 名前 | アドレス | 市 | 都道府県 | 国 | 平均未処理日数,triMetricFact,triREPaymentFact,triREPaymentFact - 関連レポート - 組織別の平均未処理日数,https://www.ibm.com/docs/ja/tririga/11.6.0?topic=reports-average-days-outstanding-by-organization-report
2072-01-R,支払タイプ別の平均未処理日数,M008,平均未処理日数,名称一致,,支払タイプ、不動産契約名,支払タイプ | 不動産契約名 | 不動産契約タイプ | 名前 | アドレス | 市 | 都道府県 | 国 | 平均未処理日数,triMetricFact,triREPaymentFact,triREPaymentFact - 関連レポート - 支払タイプ別の平均未処理日数,https://www.ibm.com/docs/ja/tririga/11.6.0?topic=reports-average-days-outstanding-by-payment-type-report
2070-01-R,不動産契約別の平均未処理日数,M008,平均未処理日数,名称一致,,不動産契約名,不動産契約名 | 不動産契約タイプ | 名前 | アドレス | 市 | 都道府県 | 国 | 平均未処理日数,triMetricFact,triREPaymentFact,triREPaymentFact - 関連レポート - 不動産契約別の平均未処理日数,https://www.ibm.com/docs/ja/tririga/11.6.0?topic=reports-average-days-outstanding-by-re-contract-report
2024-01-R,建物サマリー - ヤード・ポンド法,,,参考（同一ファクトBOの指標群）,M014 | M021 | M022 | M029 | M055 | M059 | M060 | M063 | M100 | M111 | M113 | M114 | M116 | M124,構築,構築 | プロパティー | 総面積 | 賃貸可能面積 | 利用可能面積 | 建物 R/U 比率 | 人物カウント | FCI レベル 1 | 運用コスト | 面積/人,triMetricFact,triBuildingFact,triBuildingFact - 関連レポート - 建物サマリー - ヤード・ポンド法 (建物ファクト),https://www.ibm.com/docs/ja/tririga/11.6.0?topic=reports-building-summary-imperial-report
2025-01-R,建物サマリー – メートル法,,,参考（同一ファクトBOの指標群）,M014 | M021 | M022 | M029 | M055 | M059 | M060 | M063 | M100 | M111 | M113 | M114 | M116 | M124,構築,構築 | プロパティー | 総面積 | 賃貸可能面積 | 利用可能面積 | 建物 R/U 比率 | 人物カウント | FCI レベル 1 | 運用コスト | 面積/人,triMetricFact,triBuildingFact,triBuildingFact - 関連レポート - 建物サマリー - メートル法 (建物ファクト),https://www.ibm.com/docs/ja/tririga/11.6.0?topic=reports-building-summary-metric-report
2026-01-R,建物サマリー,,,参考（同一ファクトBOの指標群）,M014 | M021 | M022 | M029 | M055 | M059 | M060 | M063 | M100 | M111 | M113 | M114 | M116 | M124,構築,構築 | プロパティー | 建物クラス | 主要用途 | 市 | 都道府県 | 国 | 利用可能開始日 | 現在の再取得価額 | 施設状態指数レベル 1,triMetricFact,triBuildingFact,triBuildingFact - 関連レポート - 建物サマリー (建物ファクト),https://www.ibm.com/docs/ja/tririga/11.6.0?topic=reports-building-summary-report
2017-01-R,予算に対する変更要求,M015,予算に対する変更要求 (資本プロジェクトのみ),名称一致,,プロジェクト名,プログラム | プロジェクト名 | 当初予算 | 現在の予算 | 変更要求 | プロジェクト ID | 潜在的変更要求,triMetricFact,triCapitalProjectFact,triCapitalProjectFact - 関連レポート - 予算に対する変更要求,https://www.ibm.com/docs/ja/tririga/11.6.0?topic=reports-change-order-budget-report
2018-01-R,契約に対する変更要求,M016,契約に対する変更要求,名称一致,,該当なし,契約ID | 契約名 | プロジェクト名 | 元のコミットメント | 変更要求 | 契約の変更要求 (%),triMetricFact,triCapitalProjectContractFact,triCapitalProjectContractFact - 関連レポート - 契約に対する変更要求,https://www.ibm.com/docs/ja/tririga/11.6.0?topic=reports-change-order-contract-report
2078-01-R,チェックリスト項目,M051,環境チェックリスト格付け (%),同一ファクトBO（唯一の指標）,,ロケーション名,ロケーション名 | 名前 | タイプ | チェックリスト・カテゴリー | スコア | ポイントの範囲 (最小) | ポイントの範囲 (最大),triMetricFact,triChecklistItemFact,triChecklistItemFact – 関連レポート – チェックリスト項目,https://www.ibm.com/docs/ja/tririga/11.6.0?topic=reports-checklist-items-report
2011-01-R,状態指標,M018,状態指数,同一ファクトBO（唯一の指標）,,建物名、建設システム、建設システム項目,建物名 | 建設システム | 建設システム項目 | 状態指数レベル 1 | 状態指数レベル 2 | 更新費用 | 合計欠陥コスト・レベル 1 | 合計欠陥コスト・レベル 2 | 利用可能開始日 | 平均耐用変数 | 残存耐用年数 | 建築コストの割合 (%),triMetricFact,triBuildingSystemItemFact,triBuildingSystemItemFact - 関連レポート - 状態指標,https://www.ibm.com/docs/ja/tririga/11.6.0?topic=reports-condition-indicators-report
2010-01-R,コンタクト・センター通信,M019,コンタクト・センターの効率,同一ファクトBO（唯一の指標）,,建物名、建設システム、建設システム項目,建物名 | 建設システム | 建設システム項目 | プロパティー名 | 要求クラス | エージェント名,triMetricFact,triContactCenterFact,triContactCenterFact - 関連レポート - コンタクト・センター通信,https://www.ibm.com/docs/ja/tririga/11.6.0?topic=reports-contact-center-communication-report
2023-01-R,契約期限内完了率,M020,契約期限内完了率,名称一致,,日単位の差異,日単位の差異 | 契約ID | 契約名 | プロジェクト名 | 契約開始日 | 契約終了日,triMetricFact,triCapitalProjectContractFact,triCapitalProjectContractFact - 関連レポート - 契約期限内完了率,https://www.ibm.com/docs/ja/tririga/11.6.0?topic=reports-contract-time-completion-rate-report
2001-01-R,コスト・コード・サマリー,,,参考（同一ファクトBOの指標群）,M012 | M013 | M023 | M075 | M076 | M115,建物名、サービス・タイプ,建物名 | サービス・タイプ | コスト・タイプ | コスト・コード ID | コスト・コード名 | 実際のコスト,triMetricFact,triBuildingCostFact,triBuildingCostFact - 関連レポート - コスト・コード・サマリー (建物ファクト),https://www.ibm.com/docs/ja/tririga/11.6.0?topic=reports-cost-code-summary-report
2076-01-R,面積あたりコスト - リース済み,M024,面積あたりのコスト (リース済み) - 不動産契約,名称の言い換え（手動対応）,,不動産契約タイプ、不動産契約名,不動産契約タイプ | 不動産契約名 | 合計コスト | 合計賃貸可能面積 | 面積あたりのコスト | アドレス | 市 | 都道府県 | 国,triMetricFact,triREContractFact,triREContractFact - 関連レポート - 面積あたりのコスト,https://www.ibm.com/docs/ja/tririga/11.6.0?topic=reports-cost-per-area-leased-report
2075-01-R,面積あたりコスト - 所有,M025,面積あたりのコスト (所有) - 不動産契約,名称の言い換え（手動対応）,,不動産契約タイプ、不動産契約名,不動産契約タイプ | 不動産契約名 | 合計コスト | 合計賃貸可能面積 | 面積あたりのコスト | アドレス | 市 | 都道府県 | 国,triMetricFact,triREContractFact,triREContractFact - 関連レポート - 面積あたりコスト - 所有物件,https://www.ibm.com/docs/ja/tririga/11.6.0?topic=reports-cost-per-area-owned-report
2042-01-R,組織別の席あたりのコスト,M027,席あたりのコスト – 不動産契約,名称一致,,不動産契約名,不動産契約名 | 不動産契約タイプ | 合計コスト | 合計席数 | アドレス | 市 | 都道府県 | 国,triMetricFact,triREContractFact,triREContractFact - 関連レポート - 組織別の席あたりのコスト,https://www.ibm.com/docs/ja/tririga/11.6.0?topic=reports-cost-per-seat-by-organization-report
2043-01-R,不動産契約タイプ別の席あたりのコスト,M027,席あたりのコスト – 不動産契約,名称一致,,不動産契約タイプ、不動産契約名,不動産契約タイプ | 不動産契約名 | 合計コスト | 合計席数 | アドレス | 市 | 都道府県 | 国,triMetricFact,triREContractFact,triREContractFact - 関連レポート - 不動産契約タイプ別の席あたりのコスト,https://www.ibm.com/docs/ja/tririga/11.6.0?topic=rr-cost-per-seat-by-re-contract-type-report
2013-01-R,現在の予算対予測、当初の予算対予測,M028 | M077,現在の予算対予測 | 当初の予算対予測,名称一致,,プロジェクト名,プログラム | プロジェクト名 | 当初予算 | 現在の予算 | 変更要求 | コミット済み | 実績 | 最終予測 | 差異金額 | プロジェクト ID,triMetricFact,triCapitalProjectFact,triCapitalProjectFact - 関連レポート - 現在の予算対予測 triCapitalProjectFact - 関連レポート - 当初の予算対予測,https://www.ibm.com/docs/ja/tririga/11.6.0?topic=reports-current-budget-forecast-original-budget-forecast
2027-01-R,入出ログ・サマリー,,,参考（同一ファクトBOの指標群）,M017 | M032 | M061 | M109,建物、フロア,構築 | 階 | 組織 | 移動 | 領域,triWorkerFact,triSpaceAllocationFact,triSpaceAllocationFact - 関連レポート - 入出ログ・サマリー,https://www.ibm.com/docs/ja/tririga/11.6.0?topic=reports-move-log-summary-report
2058-01-R,My プロジェクト・タイプ別の平均トランザクション・サイクル・タイム,M065,My 平均トランザクション・サイクル・タイム,名称一致,,プロジェクト・タイプ、プロジェクト名,プロジェクト・タイプ | プロジェクト名 | 不動産プロジェクトの計画上の終了日 | 不動産プロジェクトの実終了日 | My トランザクション・サイクル・タイム (日数),triMetricFact,triREProjectFact,triREProjectFact - 関連レポート - My プロジェクト・タイプ別の平均トランザクション・サイクル・タイム,https://www.ibm.com/docs/ja/tririga/11.6.0?topic=rr-my-average-transaction-cycle-time-by-project-type-report
2014-01-R,My プロジェクト予算,M069,My プロジェクト予算,名称一致,,差異金額,プログラム | プロジェクト名 | 予算クラス | 現在の予算 | 最終予測 | 差異金額 | プロジェクト ID,triMetricFact,triCapitalProjectFact,triCapitalProjectFact - 関連レポート - My プロジェクト予算,https://www.ibm.com/docs/ja/tririga/11.6.0?topic=reports-my-project-budget-report
2015-01-R,新築コスト,M071,新築コスト / 面積 (資本プロジェクトのみ),名称一致,,地域,プログラム | 地域 | プロジェクト名 | 実際のコスト | プロジェクト総建設面積 | プロジェクトの利用可能面積 | プロジェクト ID,triMetricFact,triCapitalProjectFact,triCapitalProjectFact - 関連レポート - 新築コスト (USD/GSF)、triCapitalProjectFact - 関連レポート - 新築コスト (USD/USF),https://www.ibm.com/docs/ja/tririga/11.6.0?topic=reports-new-construction-cost-report
2077-01-R,組織財務サマリー,,,参考（同一ファクトBOの指標群）,M012 | M013 | M023 | M075 | M076 | M115,構築,構築 | コスト・タイプ | サービス・タイプ | 組織 ID | 組織名 | 組織タイプ | 予算コスト | 実際のコスト | 予測コスト,triMetricFact,triBuildingCostFact,triBuildingCostFact - 関連レポート - 組織財務サマリー,https://www.ibm.com/docs/ja/tririga/11.6.0?topic=reports-organization-financial-summary-report
2050-01-R,ポートフォリオ・マネージャー別の総合顧客満足度,M080,総合顧客満足度 – ポートフォリオ・マネージャー,名称の言い換え（手動対応）,,ポートフォリオ・マネージャー,ポートフォリオ・マネージャー | トランザクション名 | 合計調査予想スコア | 合計調査回答スコア | 回答者 | トランザクション終了日,triMetricFact,triSurveyFact,triSurveyFact - 関連レポート - ポートフォリオ・マネージャー別の総合顧客満足度,https://www.ibm.com/docs/ja/tririga/11.6.0?topic=reports-overall-customer-satisfaction-by-portfolio-manager-report
2051-01-R,優先プロバイダー別の総合顧客満足度,M081,総合顧客満足度 – 優先プロバイダー,名称の言い換え（手動対応）,,優先プロバイダー,優先プロバイダー | トランザクション名 | 合計調査予想スコア | 合計調査回答スコア | 回答者 | トランザクション終了日,triMetricFact,triSurveyFact,triSurveyFact - 関連レポート - 優先プロバイダー別の総合顧客満足度,https://www.ibm.com/docs/ja/tririga/11.6.0?topic=reports-overall-customer-satisfaction-by-preferred-provider-report
2052-01-R,ポートフォリオ・マネージャー別の総合トランザクション・スコア,M009,総合トランザクション平均スコア,名称の言い換え（手動対応）,,プロジェクト名,プロジェクト名 | 総合シグマ | QFD スコア | CTQ スコア算出,triMetricFact,triREProjectFact,triREProjectFact - 関連レポート - ポートフォリオ・マネージャー別の総合トランザクション・スコア,https://www.ibm.com/docs/ja/tririga/11.6.0?topic=reports-overall-transaction-score-by-portfolio-manager-report
2012-01-R,予算超過プロジェクト率,M084,予算超過プロジェクト率,名称一致,,該当なし,プログラム | プロジェクト名 | 当初予算 | 現在の予算 | 変更要求 | コミット済み | 実績 | 最終予測 | 差異 | プロジェクト ID,triMetricFact,triCapitalProjectFact,triCapitalProjectFact - 関連レポート - 予算超過プロジェクト率,https://www.ibm.com/docs/ja/tririga/11.6.0?topic=reports-percent-projects-over-budget-report
2019-01-R,スケジュール超過プロジェクト (%),M085,スケジュール超過プロジェクト (%),名称一致,,日単位の差異,プログラム | プロジェクト名 | 日単位の差異 | プロジェクト ID | 計画された開始 | 計画終了 | 予想完了 | 実際の開始時刻,triMetricFact,triCapitalProjectFact,triCapitalProjectFact - 関連レポート - スケジュール超過プロジェクト (%),https://www.ibm.com/docs/ja/tririga/11.6.0?topic=reports-percent-projects-over-schedule-report
2022-01-R,プロジェクト・オンタイム完了率,M089,プロジェクト・オンタイム完了率,名称一致,,超過日数,プログラム | 超過日数 | プロジェクト ID | プロジェクト名 | 実際の開始時刻 | 計画終了 | 実際の終了,triMetricFact,triCapitalProjectFact,triCapitalProjectFact - 関連レポート - プロジェクト・オンタイム完了率,https://www.ibm.com/docs/ja/tririga/11.6.0?topic=reports-project-time-completion-rate-report
2020-01-R,プロジェクト・スケジュール差異,M090,プロジェクト・スケジュール差異,名称一致,,日単位の差異,プログラム | 日単位の差異 | プロジェクト ID | プロジェクト名 | 計画された開始 | 計画終了 | 予想終了 | 実際の開始時刻,triMetricFact,triCapitalProjectFact,triCapitalProjectFact - 関連レポート - プロジェクト・スケジュール差異,https://www.ibm.com/docs/ja/tririga/11.6.0?topic=reports-project-schedule-variance-report
2079-01-R,プロジェクト・サマリー,,,参考（同一ファクトBOの指標群）,M015 | M028 | M054 | M069 | M071 | M077 | M084 | M085 | M089 | M090 | M094,該当なし,プロジェクト名 | プログラム | 予算クラス | 現在の予算 | 最終予測 | 差異金額 | プロジェクト ID,triMetricFact,triCapitalProjectFact,triCapitalProjectFact – 関連レポート – プロジェクト・サマリー,https://www.ibm.com/docs/ja/tririga/11.6.0?topic=reports-project-summary-report
2036-01-R,組織別の不動産契約人数,,,参考（同一ファクトBOの指標群）,M005 | M007 | M024 | M025 | M026 | M027 | M058 | M091 | M098 | M099 | M117 | M118,不動産契約名,不動産契約名 | 不動産契約タイプ | 合計人数 | 合計賃貸可能面積 | アドレス | 市 | 都道府県 | 国,triMetricFact,triREContractFact,triREContractFact - 関連レポート - 組織別の不動産契約人数,https://www.ibm.com/docs/ja/tririga/11.6.0?topic=reports-re-contract-headcount-by-organization-report
2037-01-R,不動産契約タイプ別の不動産契約人数,,,参考（同一ファクトBOの指標群）,M005 | M007 | M024 | M025 | M026 | M027 | M058 | M091 | M098 | M099 | M117 | M118,不動産契約タイプ、不動産契約名,不動産契約タイプ | 不動産契約名 | 合計人数 | 合計賃貸可能面積 | アドレス | 市 | 都道府県 | 国,triMetricFact,triREContractFact,triREContractFact - 関連レポート - 不動産契約タイプ別の不動産契約人数,https://www.ibm.com/docs/ja/tririga/11.6.0?topic=rr-re-contract-headcount-by-re-contract-type-report
2059-01-R,不動産契約使用状況 (%) - 組織別のスペース利用契約,M091,不動産契約使用率 – スペース利用契約,名称の言い換え（手動対応）,,不動産契約名,不動産契約名 | 不動産契約タイプ | SUA 合計賃貸可能面積 | 合計賃貸可能面積 | アドレス | 市 | 都道府県 | 国 | 不動産契約使用状況 (%),triMetricFact,triREContractFact,triREContractFact - 関連レポート - 不動産契約使用状況 (%) - 組織別のスペース利用契約,https://www.ibm.com/docs/ja/tririga/11.6.0?topic=rr-re-contract-utilization-space-use-agreements-by-organization-report
2060-01-R,不動産契約使用状況 (%) - 不動産契約タイプ別のスペース利用契約,M091,不動産契約使用率 – スペース利用契約,名称の言い換え（手動対応）,,不動産契約タイプ、不動産契約名,不動産契約タイプ | 不動産契約名 | SUA 合計賃貸可能面積 | 合計賃貸可能面積 | アドレス | 市 | 都道府県 | 国 | 不動産契約使用状況 (%),triMetricFact,triREContractFact,triREContractFact - 関連レポート - 不動産契約使用率 - 不動産契約タイプ別のスペース利用契約,https://www.ibm.com/docs/ja/tririga/11.6.0?topic=rr-re-contract-utilization-space-use-agreements-by-re-contract-type-report
2033-01-R,組織別の不動産契約の空き,M118,空き率 – 不動産契約,名称の言い換え（手動対応）,,不動産契約名,不動産契約名 | 不動産契約タイプ | 合計空き率 | 合計賃貸可能面積 | 空き率 (%) | アドレス | 市 | 都道府県 | 国,triMetricFact,triREContractFact,triREContractFact - 関連レポート - 組織別の不動産契約の空き,https://www.ibm.com/docs/ja/tririga/11.6.0?topic=reports-re-contract-vacancy-by-organization-report
2034-01-R,不動産契約タイプ別の不動産契約の空き,M118,空き率 – 不動産契約,名称の言い換え（手動対応）,,不動産契約タイプ、不動産契約名,不動産契約タイプ | 不動産契約名 | 合計空き率 | 合計賃貸可能面積 | 空き率 (%) | アドレス | 市 | 都道府県 | 国,triMetricFact,triREContractFact,triREContractFact - 関連レポート - 不動産契約タイプ別の不動産契約の空き,https://www.ibm.com/docs/ja/tririga/11.6.0?topic=rr-re-contract-vacancy-by-re-contract-type-report
2038-01-R,組織あたりの不動産コスト,,,参考（同一ファクトBOの指標群）,M005 | M007 | M024 | M025 | M026 | M027 | M058 | M091 | M098 | M099 | M117 | M118,不動産契約名,不動産契約名 | 不動産契約タイプ | 合計コスト | 合計人数 | アドレス | 市 | 都道府県 | 国,triMetricFact,triREContractFact,triREContractFact - 関連レポート - 組織あたりの不動産コスト,https://www.ibm.com/docs/ja/tririga/11.6.0?topic=reports-re-costs-by-organization-report
2039-01-R,契約タイプあたりの不動産コスト,,,参考（同一ファクトBOの指標群）,M005 | M007 | M024 | M025 | M026 | M027 | M058 | M091 | M098 | M099 | M117 | M118,不動産契約タイプ、不動産契約名,不動産契約タイプ | 不動産契約名 | 合計コスト | 合計人数 | アドレス | 市 | 都道府県 | 国,triMetricFact,triREContractFact,triREContractFact - 関連レポート - 契約タイプあたりの不動産コスト,https://www.ibm.com/docs/ja/tririga/11.6.0?topic=reports-re-costs-by-re-contract-type-report
2016-01-R,改築コスト,M094,改築コスト / 面積 (資本プロジェクトのみ),名称一致,,地域,プロジェクトグループ | プログラム | 地域 | 実際のコスト | プロジェクト総建設面積 | プロジェクトの利用可能面積 | プロジェクト ID | プロジェクト名 | 改築コスト (USD/USF),triMetricFact,triCapitalProjectFact,triCapitalProjectFact - 関連レポート - 改築コスト (USD/GSF)、triCapitalProjectFact - 関連レポート - 改築コスト (USD/USF),https://www.ibm.com/docs/ja/tririga/11.6.0?topic=reports-renovation-cost-report
2053-01-R,ポートフォリオ・マネージャー別の目標までの収益週,M096,目標までの収益週,名称一致,,プロジェクト名,プロジェクト名 | 計算上の収益週数 | 計画上の収益週数 | 不動産プロジェクトの計画上の終了日 | 不動産プロジェクトの計算上の終了日,triMetricFact,triRETransactionPlanFact,triRETransactionPlanFact - 関連レポート - ポートフォリオ・マネージャー別の目標までの収益週,https://www.ibm.com/docs/ja/tririga/11.6.0?topic=reports-revenue-weeks-target-by-portfolio-manager-report
2021-01-R,情報要求応答時間、情報要求の期限切れ率,M086 | M097,情報要求の期限切れ率 | 情報要求応答時間,名称一致,,応答日数、遅延日数,情報要求応答時間についての応答日数レポート | 情報要求の期限切れ率についての遅延日数レポート | 情報要求名 | プロジェクト名 | 情報要求の状況 | 情報要求の入力日 | 情報要求の要求日 | 情報要求コストの影響 | 情報要求のスケジュール影響日数 | 情報要求応答時間,triMetricFact,triRFIFact,triRFIFact - 関連レポート - 情報要求応答時間 triRFIFact - 関連レポート - 情報要求の期限切れ率,https://www.ibm.com/docs/ja/tririga/11.6.0?topic=reports-rfi-response-time-percent-rfi-overdue
2044-01-R,組織別の席占有率 (%),M098,席占有率 (%) – 不動産契約,名称一致,,不動産契約名,不動産契約名 | 不動産契約タイプ | 合計人数 | 合計席数 | アドレス | 市 | 都道府県 | 国,triMetricFact,triREContractFact,triREContractFact - 関連レポート - 組織別の席占有率 (%),https://www.ibm.com/docs/ja/tririga/11.6.0?topic=reports-seat-occupancy-by-organization-report
2045-01-R,不動産契約タイプ別の席占有率 (%),M098,席占有率 (%) – 不動産契約,名称一致,,不動産契約タイプ、不動産契約名,不動産契約タイプ | 不動産契約名 | 合計人数 | 合計席数 | アドレス | 市 | 都道府県 | 国,triMetricFact,triREContractFact,triREContractFact - 関連レポート - 不動産契約タイプ別の席占有率 (%),https://www.ibm.com/docs/ja/tririga/11.6.0?topic=reports-seat-occupancy-by-re-contract-type-report
2040-01-R,組織別の 1 人あたりの席数,M099,1 人あたりの席数 – 不動産契約,名称一致,,不動産契約名,不動産契約名 | 不動産契約タイプ | 合計コスト | 合計人数 | アドレス | 市 | 都道府県 | 国,triMetricFact,triREContractFact,triREContractFact - 関連レポート - 組織別の 1 人あたりの席数,https://www.ibm.com/docs/ja/tririga/11.6.0?topic=reports-seats-per-person-by-organization-report
2041-01-R,不動産契約タイプ別の 1 人あたりの席数,M099,1 人あたりの席数 – 不動産契約,名称一致,,不動産契約タイプ、不動産契約名,不動産契約タイプ | 不動産契約名 | 合計コスト | 合計人数 | アドレス | 市 | 都道府県 | 国,triMetricFact,triREContractFact,triREContractFact - 関連レポート - 不動産契約タイプ別の 1 人あたりの席数,https://www.ibm.com/docs/ja/tririga/11.6.0?topic=rr-seats-per-person-by-re-contract-type-report
2008-01-R,サービス調査リスト (Service Survey Listing),,,参考（同一ファクトBOの指標群）,M030 | M052 | M068 | M079 | M080 | M081 | M082 | M104,質問カテゴリー、要求クラス,質問カテゴリー | 要求クラス | サーベイ回答 | コメント,triMetricFact,triSurveyFact,triSurveyFact - 関連レポート - サービス調査リスト (Service Survey Listing),https://www.ibm.com/docs/ja/tririga/11.6.0?topic=reports-service-survey-listing-report
2003-01-R,建物別のサービス・タスク分析,,,参考（同一ファクトBOの指標群）,M011 | M073 | M074 | M101 | M102 | M122,構築,構築 | タスク数,triMetricFact,triTaskResourceFact,triTaskResourceFact - 関連レポート - 建物別のサービス・タスク分析,https://www.ibm.com/docs/ja/tririga/11.6.0?topic=reports-service-task-analysis-by-building-report
2002-01-R,要求クラス別のサービス・タスク分析,,,参考（同一ファクトBOの指標群）,M011 | M073 | M074 | M101 | M102 | M122,要求クラス,要求クラス | タスク数,triMetricFact,triTaskResourceFact,triTaskResourceFact - 関連レポート - 要求クラス別のサービス・タスク分析,https://www.ibm.com/docs/ja/tririga/11.6.0?topic=reports-service-task-analysis-by-request-class-report
2005-01-R,建物別のサービス・タスク・コスト分析,M101,サービス・タスク・コスト,名称一致,,構築,構築 | タスク数 | 平均 $/タスク | 最小 $/タスク | 最大 $/タスク,triMetricFact,triTaskResourceFact,triTaskResourceFact - 関連レポート - 建物別のサービス・タスク・コスト分析,https://www.ibm.com/docs/ja/tririga/11.6.0?topic=reports-service-task-cost-analysis-by-building-report
2004-01-R,要求クラス別のサービス・タスク・コスト分析,M101,サービス・タスク・コスト,名称一致,,要求クラス,要求クラス | タスク $ | 平均 $/タスク | 最小 $/タスク | 最大 $/タスク,triMetricFact,triTaskResourceFact,triTaskResourceFact - 関連レポート - 要求クラス別のサービス・タスク・コスト分析,https://www.ibm.com/docs/ja/tririga/11.6.0?topic=rr-service-task-cost-analysis-by-request-class-report
2007-01-R,建物別のサービス・タスク・リスト,,,参考（同一ファクトBOの指標群）,M033 | M066 | M067 | M078 | M087 | M088,ロケーション,ロケーション | 担当組織 | 顧客の組織 | 責任者 | 要求クラス | タスクID | ベースライン開始 | ベースライン終了 | ベースライン期間 | 実際の開始時刻 | 実際の終了 | 実際の所要時間 | 状況,triMetricFact,triTaskDetailFact,triTaskDetailFact - 関連レポート - 建物別のサービス・タスク・リスト,https://www.ibm.com/docs/ja/tririga/11.6.0?topic=reports-service-task-listing-by-building-report
2006-01-R,担当組織別のサービス・タスク・リスト,,,参考（同一ファクトBOの指標群）,M033 | M066 | M067 | M078 | M087 | M088,担当組織,担当組織 | ロケーション | 顧客の組織 | 責任者 | 要求クラス | タスクID | ベースライン開始 | ベースライン終了 | ベースライン期間 | 実際の開始時刻 | 実際の終了 | 実際の所要時間 | 状況,triMetricFact,triTaskDetailFact,triTaskDetailFact - 関連レポート - 担当組織別のサービス・タスク・リスト,https://www.ibm.com/docs/ja/tririga/11.6.0?topic=reports-service-task-listing-by-responsible-org-report
2031-01-R,スペース・キャパシティー,,,参考（同一ファクトBOの指標群）,M017 | M032 | M061 | M109,建物、フロア,構築 | 階 | スペース名 | 面積 (平方フィート) | 面積 (平方メートル) | スペース・キャパシティー | 主要な人数 | その他の人数 | 残存キャパシティー,triMetricFact,triSpaceAllocationFact,triSpaceAllocationFact - 関連レポート - スペース・キャパシティー (セット 3),https://www.ibm.com/docs/ja/tririga/11.6.0?topic=reports-space-capacity-report
2032-01-R,スペース・クラス・サマリー,,,参考（同一ファクトBOの指標群）,M017 | M032 | M061 | M109,建物、フロア,構築 | 階 | スペース・クラス | 面積 (平方フィート) | 面積 (平方メートル),triMetricFact,triSpaceAllocationFact,triSpaceAllocationFact - 関連レポート - スペース・クラス・サマリー (「移動スペース率」メトリック),https://www.ibm.com/docs/ja/tririga/11.6.0?topic=reports-space-class-summary-report
2009-01-R,タイム・カード・サマリー,M110,時間使用率サマリー (タイム・カード追跡),同一ファクトBO（唯一の指標）,,該当なし,組織 | 個人 | タスクID | 支払期間 | 時間カテゴリー | 労働クラス | 時間 | 合計コスト,triMetricFact,triTimeEntryFact,triTimeEntryFact - 関連レポート - タイム・カード・サマリー,https://www.ibm.com/docs/ja/tririga/11.6.0?topic=reports-time-card-summary-report
2030-01-R,空き - 非割り振りスペース,,,参考（同一ファクトBOの指標群）,M017 | M032 | M061 | M109,建物、フロア、スペース・クラス,構築 | 階 | スペース・クラス | スペース名 | 面積 (平方フィート) | 面積 (平方メートル) | 容量,triMetricFact,triSpaceAllocationFact,triSpaceAllocationFact - 関連レポート - 空き - 非割り振りスペース (セット 3),https://www.ibm.com/docs/ja/tririga/11.6.0?topic=reports-vacancy-non-allocated-space-report
2046-01-R,組織別の空きコスト,M117,空きコスト – 不動産契約,名称一致,,不動産契約名,不動産契約名 | 不動産契約タイプ | 空きコスト | 空き合計 | 合計賃貸可能面積 | アドレス | 市 | 都道府県 | 国,triMetricFact,triREContractFact,triREContractFact - 関連レポート - 組織別の空きコスト,https://www.ibm.com/docs/ja/tririga/11.6.0?topic=reports-vacancy-cost-by-organization-report
2047-01-R,不動産契約タイプ別の空きコスト,M117,空きコスト – 不動産契約,名称一致,,不動産契約タイプ、不動産契約名,不動産契約タイプ | 不動産契約名 | 空きコスト | 空き合計 | 合計賃貸可能面積 | アドレス | 市 | 都道府県 | 国,triMetricFact,triREContractFact,triREContractFact - 関連レポート - 不動産契約タイプ別の空きコスト,https://www.ibm.com/docs/ja/tririga/11.6.0?topic=reports-vacancy-cost-by-re-contract-type-report
2028-01-R,建物/フロア別の作業者タイプ・サマリー,,,参考（同一ファクトBOの指標群）,M017 | M032 | M061 | M109,建物、フロア,構築 | 階 | 組織 | 作業者タイプ | 人物カウント,triWorkerFact,triSpaceAllocationFact,triWorkerFact - 関連レポート - 建物/フロア別の作業者タイプ・サマリー (セット 3),https://www.ibm.com/docs/ja/tririga/11.6.0?topic=reports-worker-type-summary-by-bldgfloor-report
2029-01-R,組織/建物別の作業者タイプ・サマリー,,,参考（同一ファクトBOの指標群）,M017 | M032 | M061 | M109,組織、建物,組織 | 構築 | 階 | 作業者タイプ | 人物カウント,triWorkerFact,triSpaceAllocationFact,triWorkerFact - 関連レポート - 組織/建物別の作業者タイプ・サマリー (セット 3),https://www.ibm.com/docs/ja/tririga/11.6.0?topic=reports-worker-type-summary-by-organizationbuilding-report
