ロール,経営陣,ホーム・ポータル,ライセンス,セキュリティー・グループ,ポータル表示指標,出典URL
ワークプレース・エグゼクティブ,Y,ホーム - ワークプレース・エグゼクティブ・ポータル,IBM TRIRIGA エンタープライズ・ワークプレース管理 | IBM TRIRIGA ワークプレース・パフォーマンス管理エンタープライズ | IBM TRIRIGA Workplace Performance Management Projects,IBM® TRIRIGA ワークプレース・エグゼクティブ,お客様満足度管理 | リース対所有比率 | 面積あたりの運用コスト | 占有率 | 予算超過のプロジェクト | 面積あたりの合計占有コスト,https://www.ibm.com/docs/ja/tririga/11.6.0?topic=portals-workplace-executive-role
財務エグゼクティブ,Y,ホーム - 財務エグゼクティブ・ポータル,IBM TRIRIGA エンタープライズ・ワークプレース管理 | IBM TRIRIGA ワークプレース・パフォーマンス管理エンタープライズ | IBM TRIRIGA Workplace Performance Management Projects,IBM® TRIRIGA 財務エグゼクティブ,面積あたりの合計占有コスト | リース対所有比率 | 資本コスト比率 | 運用コスト比率 | 面積あたりの運用コスト,https://www.ibm.com/docs/ja/tririga/11.6.0?topic=portals-finance-executive-role
ビジネス・ユニット・マネージャー,,ホーム - ビジネス・ユニット・マネージャー・ポータル,IBM TRIRIGA エンタープライズ・ワークプレース管理 | IBM TRIRIGA ワークプレース・パフォーマンス管理エンタープライズ | IBM TRIRIGA Workplace Performance Management Projects,IBM® TRIRIGA® ビジネス・ユニット・マネージャー,占有率 | 占有率の予測 | 作業ポイントの使用率 | 使用密度の予測 | 占有者満足度 | モバイル作業者 % | 配置換えの割合 | エネルギー使用強度,https://www.ibm.com/docs/ja/tririga/11.6.0?topic=portals-business-unit-manager-role
環境マネージャー/プランナー,,ホーム - 環境マネージャー・ポータル,IBM TRIRIGA エンタープライズ・ワークプレース管理 | IBM TRIRIGA 不動産環境維持管理 | IBM TRIRIGA ワークプレース・パフォーマンス管理エンタープライズ | IBM TRIRIGA Workplace Performance Management Projects,IBM® TRIRIGA® 環境マネージャー/プランナー,排出量 (炭素) 強度 (GSF) | エネルギー・コスト (USD) | エネルギー使用強度 (GSF) | 満足度調査 | 無駄になった額,https://www.ibm.com/docs/ja/tririga/11.6.0?topic=portals-environmental-managerplanner-role
オペレーション・エグゼクティブ,Y,ホーム - オペレーション・エグゼクティブ・ポータル,IBM TRIRIGA ワークプレース・パフォーマンス管理エンタープライズ | IBM TRIRIGA Workplace Performance Management Operations,IBM® TRIRIGA® オペレーション・エグゼクティブ,お客様満足度管理 | 運用コスト (金額/面積) | メンテナンス・コスト/メンテナンス対象面積 | エネルギー使用強度 (GSF) | My 時間内のサービス対応度 | My 目標どおりのサービス・コスト | コールバック指数 | PM タスク完了率,https://www.ibm.com/docs/ja/tririga/11.6.0?topic=portals-operations-executive-role
施設アセスメント・マネージャー/プランナー,,ホーム - 施設アセスメント・マネージャー・プランナー・ポータル,IBM TRIRIGA 施設アセスメント | IBM TRIRIGA 操作 | IBM TRIRIGA ワークプレース・パフォーマンス管理エンタープライズ | IBM TRIRIGA Workplace Performance Management Operations | IBM TRIRIGA Workplace Performance Management Projects,IBM® TRIRIGA® 施設アセスメント・マネージャー,施設運営の現在の再取得価額指数 | 施設状態指数 | 資本更新指数 | 予防保全タスク完了率,https://www.ibm.com/docs/ja/tririga/11.6.0?topic=portals-facility-assessment-managerplanner-role
コンタクト・センター・マネージャー,,ホーム - コンタクト・センター・マネージャー・ポータル,IBM TRIRIGA ワークプレース・パフォーマンス管理エンタープライズ | IBM TRIRIGA Workplace Performance Management Projects,IBM® TRIRIGA® コンタクト・センター・マネージャー,今週の最初の解決済み通話 | 代理店の効率性 | お客様満足度管理,https://www.ibm.com/docs/ja/tririga/11.6.0?topic=portals-contact-center-manager-role
契約マネージャーおよび購入マネージャー,,ホーム - 契約および購入マネージャー・ポータル,IBM TRIRIGA エンタープライズ・ワークプレース管理 | IBM TRIRIGA Workplace Performance Management Projects,IBM® TRIRIGA® 契約マネージャー,My 契約変更要求 | 契約期限内完了率,https://www.ibm.com/docs/ja/tririga/11.6.0?topic=portals-contract-manager-purchasing-manager-roles
サービス・マネージャー,,ホーム - サービス・マネージャー/プランナー・ポータル,IBM TRIRIGA 操作 | IBM TRIRIGA 不動産環境維持管理 | IBM TRIRIGA Strategic Facility Planning | IBM TRIRIGA ワークプレース・パフォーマンス管理エンタープライズ | IBM TRIRIGA Workplace Performance Management Projects,IBM® TRIRIGA® サービス・マネージャー,お客様満足度管理 | 時間内のサービス対応度 | 対 PM 修理比率 | 目標どおりのサービス・コスト | 時間外使用率 | PM タスク完了 vs 未完了 (%) | コールバック指数,https://www.ibm.com/docs/ja/tririga/11.6.0?topic=portals-service-manager-role
サービス技術員,,ホーム - サービス技術者ポータル,IBM TRIRIGA 施設アセスメント | IBM TRIRIGA 操作 | IBM TRIRIGA ワークプレース・パフォーマンス管理エンタープライズ | IBM TRIRIGA Workplace Performance Management Projects,IBM® TRIRIGA サービス技術員,My 顧客満足度 | My 時間内のサービス対応度 | My 目標どおりのサービス・コスト | お客様満足度管理 | 時間内のサービス対応度 | 対 PM 修理比率 | 目標どおりのサービス・コスト | 時間外使用率 | PM タスク完了 vs 未完了 (%) | コールバック指数,https://www.ibm.com/docs/ja/tririga/11.6.0?topic=portals-service-technician-role
施設エグゼクティブ,Y,ホーム - 施設エグゼクティブ・ポータル,IBM TRIRIGA 施設 | IBM TRIRIGA Strategic Facility Planning | IBM TRIRIGA ワークプレース・パフォーマンス管理エンタープライズ | IBM TRIRIGA Workplace Performance Management Projects | IBM TRIRIGA Portfolio Data Manager,IBM® TRIRIGA® 施設マネージャー,運用コスト (金額/面積) | 合計占有コスト (TCO) ($/面積) | リース/所有 | 占有率 | 密度 (面積/人) | 1 人あたりの移動コスト | エネルギー使用強度,https://www.ibm.com/docs/ja/tririga/11.6.0?topic=portals-facilities-executive-role
スペース・マネージャー/プランナー,,ホーム - スペース・マネージャー/プランナー・ポータル,IBM TRIRIGA ワークプレース・パフォーマンス管理エンタープライズ,IBM® TRIRIGA® Space Manager | IBM TRIRIGA スペース・プランナー,お客様満足度管理 | 占有率 % | 密度、占有率 (面積/人) | 密度、席キャパシティー (面積/作業ポイント) | 占有者調査格付け | 配置換えの割合,https://www.ibm.com/docs/ja/tririga/11.6.0?topic=portals-space-managerplanner-role
移動マネージャー/プランナー,,ホーム - 移動マネージャー・ポータル,IBM TRIRIGA ワークプレース・パフォーマンス管理エンタープライズ,IBM® TRIRIGA® 移動マネージャー | IBM TRIRIGA 移動プランナー,配置換えの割合 | 移動コスト/人 | 占有率 % | 密度、占有率 (面積/人) | 密度、席キャパシティー (面積/作業ポイント) | 占有者調査格付け,https://www.ibm.com/docs/ja/tririga/11.6.0?topic=portals-move-managerplanner-role
不動産業エグゼクティブ,Y,ホーム - RE エグゼクティブ・ポータル,IBM TRIRIGA エンタープライズ・ワークプレース管理 | IBM TRIRIGA ワークプレース・パフォーマンス管理エンタープライズ | IBM TRIRIGA Workplace Performance Management Real Estate,IBM® TRIRIGA® RE エグゼクティブ,空き率 | 面積あたりコスト - リース済み | 面積あたりコスト - 所有 | 1 人あたりの面積 | ポートフォリオ・リース/所有 (%) | 不動産プロジェクトのオンタイム引渡 (%) | 平均トランザクション・スコア | 顧客満足度 – ポートフォリオ・マネージャー,https://www.ibm.com/docs/ja/tririga/11.6.0?topic=portals-real-estate-executive-role
不動産契約マネージャー,,ホーム - RE 契約マネージャー・ポータル,IBM TRIRIGA ワークプレース・パフォーマンス管理 | IBM TRIRIGA ワークプレース・パフォーマンス管理エンタープライズ | IBM TRIRIGA Workplace Performance Management Real Estate,IBM® TRIRIGA RE 契約マネージャー,単位面積あたりコスト - 所有物件 (料金) 契約 | 面積あたりコスト - リース済み | オンタイム支払 (%) | 監査からの削減 (%) | 未処理支払の平均日 | 面積あたりの収入 - 賃貸リース,https://www.ibm.com/docs/ja/tririga/11.6.0?topic=portals-real-estate-contract-manager-role
不動産トランザクション・マネージャー,,ホーム - RE トランザクション・マネージャー・ポータル,IBM TRIRIGA エンタープライズ・ワークプレース管理 | IBM TRIRIGA ワークプレース・パフォーマンス管理エンタープライズ | IBM TRIRIGA Workplace Performance Management Real Estate,IBM® TRIRIGA® RE トランザクション・マネージャー,空き率 | 面積あたりコスト - リース済み | 面積あたりコスト - 所有 | ポートフォリオ・リース/所有 (%) | 履行計画の節減進捗 | 総合トランザクション平均スコア - My プロジェクト | 不動産プロジェクトのオンタイム引渡 (%) | My 平均トランザクション・サイクル・タイム | 顧客満足度 – ポートフォリオ・マネージャー | 顧客満足度 – 優先プロバイダー,https://www.ibm.com/docs/ja/tririga/11.6.0?topic=portals-real-estate-transaction-manager-role
プロジェクト・エグゼクティブ,Y,ホーム -プロジェクト・エグゼクティブ・ポータル,IBM TRIRIGA Capital Projects Manager | IBM TRIRIGA Capital Projects Manager アップグレード | IBM TRIRIGA Workplace Performance Management Projects,IBM® TRIRIGA® プロジェクト・エグゼクティブ | IBM TRIRIGA プロジェクト・エグゼクティブ-小売,スケジュール超過プロジェクト (%) | 契約期限内完了率 | 予算超過プロジェクト (%) | 現在の予算対予測 (%) | 予算に対する変更要求 (%),https://www.ibm.com/docs/ja/tririga/11.6.0?topic=portals-project-executive-role
プログラム・マネージャー,,ホーム - プログラム・マネージャー・ポータル,IBM TRIRIGA Capital Projects Manager | IBM TRIRIGA Capital Projects Manager アップグレード | IBM TRIRIGA Workplace Performance Management Projects,IBM® TRIRIGA® プログラム・マネージャー,スケジュール超過プロジェクト (%) | 契約期限内完了率 | 予算超過プロジェクト (%) | 現在の予算対予測 (%) | 予算に対する変更要求 (%),https://www.ibm.com/docs/ja/tririga/11.6.0?topic=portals-program-manager-role
プロジェクト・マネージャー,,ホーム - プロジェクト・マネージャー・ポータル,IBM TRIRIGA Capital Projects Manager | IBM TRIRIGA Workplace Performance Management Projects,IBM® TRIRIGA® プロジェクト・マネージャー,スケジュール超過プロジェクト(%) | My 現在の予算対予測 | My プロジェクトのスケジュール差異 | My 予算変更要求 | My 契約変更要求,https://www.ibm.com/docs/ja/tririga/11.6.0?topic=portals-project-manager-role
プロジェクト・コンテキストのためのプロジェクト・コンテナー,,ホーム - プロジェクト・コンテナー・ポータル,IBM TRIRIGA Capital Projects Manager | 選択された役割に関連付けられたライセンス,IBM® TRIRIGA® プロジェクト・チーム・メンバー,My 予算変更要求 | スケジュール超過プロジェクト(%) | My 現在の予算対予測 | My 予測に対する当初予算,https://www.ibm.com/docs/ja/tririga/11.6.0?topic=portals-project-container-project-contexts
