"No","レコード／モジュール","項目","関連指標ID","データ保持主体","管理場所の推測","取得難易度","難易度の理由"
"1","不動産プロジェクト","不動産プロジェクトの実終了日","M001 M003 M065","顧客の不動産・総務部門（プロジェクト責任者）、施工会社・CM会社","プロジェクト管理台帳、工程表（Excel・MS Project）、竣工・引渡書類","中","顧客社内のプロジェクト記録で、提供を依頼すれば得られる。ただし台帳化されていないことが多い"
"2","不動産プロジェクト","不動産プロジェクトの計画上の終了日","M001 M003","顧客の不動産・総務部門、施工会社・CM会社","工事請負契約書、マスター工程表、稟議書","中","契約書や稟議に記載はあるが、顧客側に依頼して集める必要がある"
"3","タスク","実終了日","M002","FM業者自身・保守協力会社","作業報告書、作業指示票、CMMS（保全管理システム）","低","自社業務で発生するデータなので直接記録できる"
"4","タスク","計画上の終了日","M002","FM業者自身・顧客の施設管理担当","年間保守計画表、作業指示書、CMMS","低","自社で作成する作業計画に含まれる"
"5","不動産契約","支払品目","M004","顧客の経理・不動産部門、貸主","賃貸借契約書（賃料・共益費等の条項）、支払明細、会計システム（買掛）","中","契約書の写しがあれば品目は分かる。実際の支払明細は経理への依頼が必要"
"6","不動産契約","期限","M004","顧客の経理・不動産部門、貸主","賃貸借契約書の支払条件条項、請求書","中","契約書から読み取れるが、契約書の開示を受ける必要がある"
"7","不動産契約","支払日","M004","顧客の経理部門","会計システムの支払実績、銀行振込記録","高","財務の実績データで社外のFM業者には開示されにくい"
"8","不動産契約","不動産リースからの賃貸可能面積の合計","M005","顧客の不動産部門、貸主","賃貸借契約書（契約面積）、賃借物件台帳","中","契約書や物件台帳にはあるが、拠点が多いと集約に手間がかかる"
"9","不動産契約","すべてのアクティブな不動産契約からの賃貸可能面積の合計 (所有物件 + リース)","M005","顧客の不動産部門・経理部門（固定資産）","賃借物件台帳＋固定資産台帳（所有）、登記簿、面積表","中","所有物件とリース物件で台帳が分かれていることが多く、突合が必要"
"10","支払調整","貸主あたりの請求金額","M006","貸主、顧客の経理部門","貸主からの請求書、買掛管理データ","中","請求書の写しは依頼すれば入手できるが、貸主ごとの集計は手作業になる"
"11","支払調整","支払差額","M006","顧客の経理・内部監査部門（またはリース監査を受託するコンサル）","請求額と契約額の照合記録、監査調書","高","照合業務そのものが実施されていないことが多く、データが存在しない場合がある"
"12","不動産契約 (triREContract)","合計賃貸可能面積","M007","顧客の不動産部門、貸主","賃貸借契約書（契約面積）、賃借物件台帳","中","契約書や物件台帳にはあるが、拠点が多いと集約に手間がかかる。契約書の開示が前提"
"13","不動産契約 (triREContract)","合計人数","M007","顧客の総務・人事部門","拠点別の在籍者名簿、座席表","中","人事データは個人情報なので、人数集計の形でなら提供されやすい"
"14","支払品目","支払期日","M008","顧客の経理部門、貸主","賃貸借契約書の支払条件、請求書","中","契約書から読み取れるが、契約書の開示を受ける必要がある"
"15","支払品目","支払日","M008","顧客の経理部門","会計システムの支払実績、銀行振込記録","高","財務の実績データで社外のFM業者には開示されにくい。財務の実績データ"
"16","不動産プロジェクト","総合シグマ・スコア","M009 M010","顧客の不動産部門（TRIRIGAの取引評価機能）","TRIRIGA内の取引評価（シグマ・スコア）※システム外では通常存在しない","高","TRIRIGA独自の評価指標で、導入前は算出元のデータ自体がない"
"17","移動","期間ごとの、移動した人物の数 (入出ログより)","M017","顧客の人事・総務部門、引越業者、入退館システム管理者","人事異動記録、引越し・レイアウト変更の作業記録、入退館ログ","中","FM業者が引越しを請け負っていれば作業記録で把握できる。そうでなければ人事データが必要"
"18","作業者数の合計","スペースに割り当てられている人物の数","M017","顧客の総務部門","座席表、フロアレイアウト図、在籍者名簿","中","座席表があれば数えられるが、最新に保たれているとは限らない"
"19","現在の再取得価額の合計","建設システム項目 (建設システムごとの現在の再取得価額 (CRV))","M018","顧客の施設部門、建築コンサル・積算事務所","エンジニアリングレポート、中長期修繕計画書、設備台帳（再調達価格）","高","再取得価額は専門家による評価が必要で、算定されていないことが多い"
"20","","財務サマリー・オブジェクトは運用コストのサマリー・データを提供します","M021 M022 M023 M063 M113","顧客の経理部門（ERP）","予算実績管理表、管理費明細、会計システムの費目別集計","中","FM業者が把握しているのは自社の請求分だけ。全体のコストは経理への依頼が必要"
"21","面積","建物の賃貸可能面積 (平方フィートまたは正方形)。 メートル)","M021","建物所有者・顧客の不動産部門","竣工図面、面積表、賃貸借契約書","低","FM業者は図面や面積表を引き継いでいることが多い"
"22","作業者","建物のスペース、フロア、または建物に割り当てられた人。","M022","顧客の総務部門","座席表、フロアレイアウト図、在籍者名簿","中","座席表があれば数えられるが、最新に保たれているとは限らない"
"23","合計不動産コスト","支払品目から取り込まれたリース不動産コスト","M024","顧客の経理・不動産部門","賃料・共益費の支払明細、会計システム（地代家賃勘定）","中","契約書から推定はできるが、実績値は経理への依頼が必要"
"24","不動産リース (triREContract)","合計賃貸可能面積","M024","顧客の不動産部門、貸主","賃貸借契約書（契約面積）、賃借物件台帳","中","契約書や物件台帳にはあるが、拠点が多いと集約に手間がかかる"
"25","合計不動産コスト","支払品目から取り込まれた所有物件不動産コスト","M025","顧客の経理部門（固定資産・税務）","固定資産台帳（減価償却費）、固定資産税の納税通知、保険証券","高","所有コストは複数の勘定に分散した財務データで、開示されにくい"
"26","所有物件","合計賃貸可能面積","M025 M058","顧客の不動産部門・経理部門（固定資産）","固定資産台帳、登記簿、竣工図・面積表","中","面積は図面から取れるが、所有物件の一覧は顧客の台帳に依存する"
"27","合計不動産コスト","支払品目から取り込まれた不動産コスト","M026","顧客の経理・不動産部門","不動産関連費用の支払明細、会計システム","中","契約書から推定はできるが、実績値は経理への依頼が必要"
"28","不動産契約","合計人数","M026 M098 M099","顧客の総務・人事部門","拠点別の在籍者名簿、座席表","中","人事データは個人情報なので、人数集計の形でなら提供されやすい"
"29","合計不動産コスト","支払品目から取り込まれた不動産リース・コスト","M027","顧客の経理・不動産部門","賃料支払明細、会計システム（地代家賃勘定）","中","契約書から推定はできるが、実績値は経理への依頼が必要"
"30","不動産契約","合計席数","M027 M098 M099","顧客の総務部門、FM業者（レイアウト管理を受託している場合）","座席表、レイアウト図、什器台帳","低","図面やレイアウト図から数えられる"
"31","合計面積","建物の賃貸可能面積","M029 M116","建物所有者・顧客の不動産部門","竣工図面、面積表、賃貸借契約書","低","FM業者は図面や面積表を引き継いでいることが多い"
"32","面積","ドリル・パスまたは対話式フィルターによってフィルタリング/グループ化された面積","M031","建物所有者・顧客の総務部門","CAD図面、フロア・室別の面積表","中","建物単位は容易だが、フロア・スペース単位に分けるには図面の面積計算が必要"
"33","人 (作業者)","建物内で (スペース、フロア、または建物に) 割り当てられたすべての人物","M031","顧客の総務部門","座席表、フロアレイアウト図、在籍者名簿","中","座席表があれば数えられるが、最新に保たれているとは限らない"
"34","面積","ドリル・パスまたは対話式フィルターによってフィルタリングされた面積","M032","建物所有者・顧客の総務部門","CAD図面、フロア・室別の面積表","中","建物単位は容易だが、フロア・スペース単位に分けるには図面の面積計算が必要"
"35","","環境要求評価:","M052","顧客の環境・CSR部門（※見出し行。36・37の親項目）","環境要求の評価調査票、サステナビリティ報告の資料","高","環境要求評価を体系的に実施している組織は少ない"
"36","","合計調査回答スコア","M052 M080","調査の実施者（顧客の施設部門またはFM業者）","アンケートの回答集計表（Excel・Webフォーム）","中","FM業者が調査を実施すれば自社で取得できる。顧客側の調査なら結果の共有が必要"
"37","","スコアが 0.0 を超える調査質問の総数、該当しない回答の除外、またはその両方。","M052","調査の設計者（顧客の施設部門またはFM業者）","調査票の設計書、回答集計表","中","FM業者が調査を実施すれば自社で取得できる。顧客側の調査なら結果の共有が必要"
"38","環境要求評価","合計調査回答スコア","M056","顧客の環境・CSR部門、調査の実施者","環境要求の評価調査の回答集計表","中","FM業者が調査を実施すれば自社で取得できる。顧客側の調査なら結果の共有が必要"
"39","環境要求評価","スコアが 0.0 を超える調査質問の総数、該当しない回答の除外、またはその両方。","M056","顧客の環境・CSR部門、調査の実施者","調査票の設計書、回答集計表","中","FM業者が調査を実施すれば自社で取得できる。顧客側の調査なら結果の共有が必要"
"40","","履行計画","M057","顧客の経営企画・不動産戦略部門","不動産戦略計画書、拠点再編計画、中期経営計画","高","経営レベルの計画で機密性が高い"
"41","","不動産プロジェクト (triREProject)","M057","顧客の不動産部門","不動産プロジェクト一覧、稟議書","中","顧客社内のプロジェクト記録で、提供を依頼すれば得られる。ただし台帳化されていないことが多い"
"42","合計不動産収入","所有物件不動産収入","M058","顧客の経理部門、PM（プロパティマネジメント）会社","レントロール（賃料台帳）、賃料収入の明細","中","PM会社がレントロールを持っている。FM業者がPMも兼ねていれば低"
"43","施設面積合計","建物の賃貸可能面積","M059","建物所有者・顧客の不動産部門","竣工図面、面積表","低","FM業者は図面や面積表を引き継いでいることが多い"
"44","メンテナンス対象面積合計","フロア・レコードで「メンテナンスされた床」フィールドが「TRUE」である面積の合計。","M060 M100","FM業者自身（清掃・保守担当）","清掃仕様書、清掃面積表、保守対象範囲図","低","自社の業務仕様に含まれるデータ"
"45","面積","建物の賃貸可能面積 (平方フィートまたは平方メートル)","M063 M113","建物所有者・顧客の不動産部門","竣工図面、面積表、賃貸借契約書","低","FM業者は図面や面積表を引き継いでいることが多い"
"46","コスト","移動プロジェクトの実コスト","M064","顧客の総務部門、引越業者","引越しの見積書・請求書、移転プロジェクトの予算実績表","中","FM業者が元請けなら低。そうでなければ顧客から請求書を集める必要がある"
"47","人物 (作業者)","移動された人物の移動プロジェクト品目数","M064","引越業者、FM業者、顧客の総務部門","移動対象者リスト、引越し品目リスト","中","移動作業に関与していれば取得しやすい"
"48","","データは施設プロジェクト・オブジェクト (MAC タイプのプロジェクトに使用される) から取得されます。","M064","顧客の総務部門、FM業者","MAC（移動・増設・変更）の管理台帳、レイアウト変更の申請記録","中","申請フローがあれば記録は残るが、台帳化されていないことが多い"
"49","不動産プロジェクト","不動産プロジェクトの実開始日","M065","顧客の不動産・総務部門、施工会社","プロジェクト管理台帳、工程表、着工届","中","顧客社内のプロジェクト記録で、提供を依頼すれば得られる。ただし台帳化されていないことが多い"
"50","","タスク – 担当組織セクションを持つすべてのタスク・タイプを含む","M066 M073","FM業者自身・保守協力会社","作業指示票、CMMS、作業依頼の受付記録","低","自社業務で発生するデータなので直接記録できる"
"51","","計画上のコスト、実コスト (完了またはクローズしたタスクについて)","M066 M073","FM業者自身","作業見積書、作業実績・請求明細","低","自社の見積と請求から集計できる"
"52","","期間は時間ログの明細日付に基づきます (タイム・カード期間ではありません)","M070 M083","FM業者自身","作業日報、勤怠システム","低","自社の作業員の記録"
"53","","組織、ロケーション、および地域は、タイム・カード・エントリーの従業員の関連付けに基づきます。","M070 M083 M103","FM業者自身（勤怠）＋顧客（組織マスタ）","勤怠システム、作業日報、顧客の組織・拠点マスタ","中","作業時間は自社にあるが、顧客の組織・拠点との紐付けにはマスタの提供が必要"
"54","使用スペース","組織に割り当てられているスペース","M072","顧客の総務部門","部門別配置図、スペース割当表、座席表","中","部門別の配置図があれば算出できるが、最新でないことが多い"
"55","使用可能スペース","建物内部の合計スペース","M072","建物所有者・顧客の不動産部門","竣工図面、面積表","低","FM業者は図面や面積表を引き継いでいることが多い"
"56","","ポートフォリオ・マネージャー評価:","M080","顧客の不動産部門（※見出し行。57の親項目）","ポートフォリオ・マネージャーの評価調査票","中","調査票を設計・実施すれば取得できる"
"57","","合計調査質問予想スコア","M080","調査の設計者（顧客またはFM業者）","調査票の設計書（設問ごとの配点）","低","調査票を設計した時点で決まる値"
"58","優先プロバイダー評価","合計調査回答スコア","M081 M082","顧客の購買・施設部門","業者評価表、ベンダー評価の記録","高","FM業者自身が評価される側なので、評価結果は開示されにくい"
"59","優先プロバイダー評価","合計調査質問予想スコア","M081 M082","顧客の購買・施設部門","業者評価の調査票設計書（配点）","中","評価の枠組みは共有されることもあるが、顧客の判断による"
"60","","タイム・カードおよび時間エントリーから:","M083","FM業者自身","勤怠システム、タイムカード（※見出し行。52・53の親項目）","低","自社の作業員の記録"
"61","完了した予防保全タスクの総数","「タスク・タイプ」が「予防」、「状況」が「完了」または「クローズ済み」、「計画上の終了」が収集期間内にある、完了した予防保全タスクの総数","M087","FM業者自身・保守協力会社","点検報告書、CMMS、法定点検の記録","低","自社で実施する予防保全の記録"
"62","スケジュール済みの予防保全タスクの総数","「タスク・タイプ」が「予防」、「状況」が「完了」、「クローズ済み」、または「計画」、「計画上の終了」が収集期間内にある、スケジュール済みの予防保全タスクの総数","M087","FM業者自身","年間点検計画表、CMMS","低","自社で作成する計画"
"63","","「タスク・タイプ」が「予防」である完了済み予防タスクの合計コスト","M088","FM業者自身","点検・保守の見積書、請求明細","低","自社の見積と請求から集計できる"
"64","","「タスク・タイプ」が「改良」である完了済みタスクの合計コスト","M088","FM業者自身・修繕施工会社","修繕工事の記録、見積・請求明細","低","FM業者経由の工事なら自社で把握できる。顧客が直接発注した分は依頼が必要"
"65","スペース利用契約","SUA 賃貸可能面積","M091","顧客の不動産・経理部門","社内の部門別スペース賃料の配賦表（SUA＝スペース利用契約）","高","社内の管理会計データで、配賦制度自体がない企業も多い"
"66","スペース利用契約","不動産契約:","M091","顧客の不動産部門（※見出し行。67の親項目）","賃借物件台帳、賃貸借契約書","中","契約書や物件台帳にはあるが、拠点が多いと集約に手間がかかる"
"67","スペース利用契約","合計賃貸可能面積","M091","顧客の不動産部門、貸主","賃貸借契約書（契約面積）、賃借物件台帳","中","契約書や物件台帳にはあるが、拠点が多いと集約に手間がかかる"
"68","セキュリティー・コスト合計","「サービス・タイプ」が「セキュリティー関連備品」でフィルタリングされた財務サマリー・テーブルの合計。","M100","顧客の経理・総務部門、警備会社","警備委託の請求書、セキュリティ機器の保守契約、会計システム","中","警備をFM業者が一括で受託していれば低"
"69","","期間は時間ログの明細日付に基づきます (タイム・カード期間ではありません)。","M103","FM業者自身","作業日報、勤怠システム","低","自社の作業員の記録"
"70","作業場運用コスト合計","「運用」コストのみでフィルタリングされた財務サマリー・テーブルの合計。 これには、作業場に関係するすべての運用コスト値 (移動、ユーティリティー、保全、地面、メンテナンスなど) が含まれます。","M111 M124","顧客の経理部門（ERP）","予算実績管理表、施設関連の全費目の集計","高","移動・光熱・清掃・保守など費目をまたぐ全社集計で、開示範囲も広い"
"71","ビジネス運用経費合計","「ビジネス運用経費」コストのみでフィルタリングされた財務サマリー・テーブルの合計。","M111","顧客の経理・経営企画部門","管理会計の事業運営経費","高","経営データで、FM業者に開示される可能性は低い"
"72","","財務サマリー・オブジェクトは運用コスト合計のサマリー・データを提供します","M075 M114 M115","顧客の経理部門（ERP）","予算実績管理表、管理費明細","中","FM業者が把握しているのは自社の請求分だけ。全体のコストは経理への依頼が必要"
"73","作業者","スペースに割り当てられる人。","M114","顧客の総務部門","座席表、在籍者名簿","中","座席表があれば数えられるが、最新に保たれているとは限らない"
"74","公共料金合計","「コスト・タイプ」が「公共料金」でフィルタリングされた財務サマリー・テーブルの合計。","M116","顧客の経理部門、電力・ガス・水道会社","光熱水費の請求書、BEMS・検針データ","中","使用量は検針やBEMSで把握できるが、料金の全体は請求書の提供が必要"
"75","","不動産契約:","M117","顧客の不動産部門（※見出し行。76・77の親項目）","賃借物件台帳、賃貸借契約書","中","契約書や物件台帳にはあるが、拠点が多いと集約に手間がかかる"
"76","","合計賃貸可能面積","M117","顧客の不動産部門、貸主","賃貸借契約書（契約面積）、賃借物件台帳","中","契約書や物件台帳にはあるが、拠点が多いと集約に手間がかかる"
"77","","空き合計","M117","顧客の不動産部門、PM会社","空室表、レントロール、スペース利用状況の調査","中","空き面積は定義があいまいで、利用状況の実地調査が必要になる場合がある"
"78","不動産契約","空き面積合計","M118","顧客の不動産部門、PM会社","空室表、レントロール","中","空き面積は定義があいまいで、利用状況の実地調査が必要になる場合がある"
"79","不動産契約","合計賃貸可能面積","M118","顧客の不動産部門、貸主","賃貸借契約書（契約面積）、賃借物件台帳","中","契約書や物件台帳にはあるが、拠点が多いと集約に手間がかかる"
"80","","タスク・タイプ別の完了タスクの合計コスト","M122","FM業者自身","CMMS、作業実績・請求明細（タスク種別ごと）","低","自社の見積と請求から集計できる"
"81","","完了タスクの合計コスト","M122","FM業者自身","CMMS、作業実績・請求明細","低","自社の見積と請求から集計できる"
"82","作業者","建物内で割り当てられているすべての人","M123","顧客の総務部門","座席表、在籍者名簿","中","座席表があれば数えられるが、最新に保たれているとは限らない"
"83","事業収益合計値","「収益」のみでフィルタリングされた財務サマリー・テーブルの合計。","M124","顧客の経理・経営企画部門","決算書、管理会計の売上データ","高","経営データ。上場企業なら全社の数値は公開資料にあるが、拠点別の値は入手困難"
"84","使用作業ポイント","組織に割り当てられているスペースのスペース・キャパシティー。","M125","顧客の総務部門","部門別座席表、スペース割当表","中","部門別の配置図があれば算出できるが、最新でないことが多い"
"85","支払品目","未処理売掛金 = 支払品目 (期日が今日以前で、かつ支払われた日付が NULL)","M008","顧客の経理部門","会計システム（買掛）、会計システムの支払実績","高","支払期日と支払実績を突き合わせる必要があり、財務の実績データは社外のFM業者には開示されにくい"
"86","","「コールバック」フィールド = TRUE および「タスク・タイプ」 = 「改良」である完了したタスクの数の合計","M011","FM業者自身・保守協力会社","作業報告書、CMMS（再出動の記録）","中","自社業務のデータだが、再出動を元の作業に紐付けて記録している業者は少なく、記録のルールづくりが必要"
"87","","「タスク・タイプ」 = 「改良」である完了したタスクの数の合計","M011","FM業者自身・保守協力会社","CMMS、作業報告書","低","自社で実施した修繕（是正）作業の記録から件数を集計できる"
"88","","財務サマリー・オブジェクトは、合計資本コストのサマリー・データを提供します。","M012 M013","顧客の経理部門（固定資産・予算管理）","設備投資の予算実績表、固定資産台帳（資本的支出）","高","資本的支出の予算・実績・予測は経営判断に関わる財務データで、FM業者には開示されにくい"
"89","資本コスト合計","「コスト・タイプ」 = 「資本」でフィルタリングされた財務サマリー・テーブルの合計","M014","顧客の経理部門（固定資産）","固定資産台帳（資本的支出）、設備投資の予算実績表","高","FM業者経由の更新工事分は把握できるが、全体の資本的支出は財務データで開示されにくい"
"90","現在の再取得価額の合計","「建物の状態アセスメント (Building Condition Assessment)」タブには、建物ごとの現在の再取得価額が保持されています (CRV = 総面積 * 面積あたりのコスト)。","M014 M018 M055","顧客の施設部門、建築コンサル・積算事務所","エンジニアリングレポート、劣化診断報告書、面積表","中","建物単位なら総面積に再調達単価を掛けて概算できるが、単価の根拠を顧客と合意する必要がある"
"91","","契約変更要求の合計金額 = 契約ごとの各変更要求の「変更額」の合計","M016","顧客の施設・不動産部門（工事発注担当）、施工会社","変更契約書、追加変更工事の見積書・合意書","中","変更契約の記録は残るが工事ごとに散らばっており、集計は手作業になる。FM業者が発注窓口なら低"
"92","","契約の元のコミットメント = 「契約の一般情報 (Contract General)」ページの「サマリー」セクションの「A. 元のコミットメント」の金額","M016","顧客の施設・不動産部門（工事発注担当）、施工会社","工事請負契約書、稟議書","中","契約書に金額の記載はあるが、顧客側に依頼して写しを集める必要がある"
"93","","欠陥の合計コスト = 「優先順位」がレベル 1 であり、「状況」が「リタイア済み」または「完了」ではない欠陥の合計コスト。","M018","顧客の施設部門、FM業者（点検・劣化診断を受託している場合）","劣化診断報告書、点検報告書、修繕見積書","中","不具合の指摘は点検報告にあるが、優先度と修繕費の見積を揃えた一覧は作られていないことが多い"
"94","","コンタクト・センター通信レコード - 開始時間 – 終了時間","M019","ヘルプデスクの運営者（FM業者が受託している場合はFM業者自身）","電話システム（CTI）の通話記録、作業依頼の受付記録","中","受付票には受付時刻はあるが終了時刻まで記録していないことが多い。電話システムの通話ログがあれば取れる"
"95","","オンタイムに完了した契約 = 実際の終了日 (triFinalCompletionDA) < 計画上の終了日 (triContractEndDA)","M020","顧客の施設・不動産部門、施工会社","工事請負契約書、竣工・引渡書類、工程表","中","契約上の工期と実際の竣工日は書類に残るが、工事ごとに集める必要がある"
"96","","ファクト・テーブルでは、総面積と利用可能面積の値も取り込みます。","M021 M063 M113","建物所有者・顧客の不動産部門","竣工図面、面積表","低","FM業者は図面や面積表を引き継いでいることが多い"
"97","保全コスト合計","「コスト・タイプ」 = 「保全」でフィルタリングされた財務サマリー・テーブルの合計","M029","顧客の経理部門（ERP）、FM業者自身（自社請負分）","会計システム（修繕費・保守料）、作業実績・請求明細","中","FM業者が把握しているのは自社の請求分だけ。全体のコストは経理への依頼が必要"
"98","作業ポイント","スペースのキャパシティー (「作業ポイント」 = TRUE でフィルタリング)","M032","顧客の総務部門、FM業者（レイアウト管理を受託している場合）","座席表、レイアウト図、什器台帳","低","図面やレイアウト図から席数を数えられる"
"99","","緊急タスク・コストの合計 = 完了したタスクのコストの合計。ここで、「タスクの優先順位」 = 「緊急時」、「状況」 = 「完了」または「クローズ済み」であり、「計画上の終了」は収集期間の範囲内です。","M033","FM業者自身・保守協力会社","CMMS、作業実績・請求明細","低","自社の作業記録と請求から集計できる。ただし作業ごとに緊急区分を付けて記録しておく必要がある"
"100","","メンテナンス・コストの合計 = 完了したタスクのコストの合計。「状況」 = 「完了」または「クローズ済み」であり、「計画上の終了」は収集期間の範囲内です。","M033","FM業者自身・保守協力会社","CMMS、作業実績・請求明細","低","自社の見積と請求から集計できる"
"101","","度日の値は、建物レコードから取得します。","M044 M045 M046","気象庁（公開データ）、FM業者自身（算出）","気象庁の過去の気象データ（日平均気温）、BEMS","低","公開されている日平均気温から冷暖房度日を計算できる"
"102","メンテナンス・コスト合計","「サービス・タイプ」 = 「メンテナンス」でフィルタリングされた財務サマリー・テーブルの合計。 これには、公共料金、保全、および地面などのすべてのメンテナンス関連コストの値が含まれます。","M055","顧客の経理部門（ERP）、FM業者自身（自社請負分）","予算実績管理表、作業実績・請求明細、光熱水費の請求書","中","FM業者が把握しているのは自社の請求分だけ。光熱水費を含む全体は経理への依頼が必要"
"103","","合計削減目標 = 年間節減額 + その他の年間節減額 + 生産性節減額 + 現金収入","M057","顧客の経営企画・不動産戦略部門","不動産戦略計画書、拠点再編計画","高","経営レベルの計画で機密性が高い"
"104","","完了トランザクションからの合計削減 = 合計年間節減額 + 生産性節減額 + 現金収入","M057","顧客の不動産部門・経理部門","拠点再編計画、会計システム（地代家賃勘定）","高","削減効果を測る業務自体がないことが多く、実績の財務データも開示されにくい"
"105","メンテナンス・コスト合計","「コスト・タイプ」 = 「メンテナンス」でフィルタリングされた財務サマリー・テーブルの合計。 これには、公共料金、保全、地面などのすべてのメンテナンス関連コストの値が含まれます。","M059","顧客の経理部門（ERP）、FM業者自身（自社請負分）","予算実績管理表、作業実績・請求明細、光熱水費の請求書","中","FM業者が把握しているのは自社の請求分だけ。光熱水費を含む全体は経理への依頼が必要"
"106","メンテナンス・コスト合計","「サービス・タイプ」 = 「メンテナンス」でフィルタリングされた財務サマリー・テーブルの合計。 これには、公共料金、保全、地面などのすべてのメンテナンス関連コストの値が含まれます。","M060","顧客の経理部門（ERP）、FM業者自身（自社請負分）","予算実績管理表、作業実績・請求明細、光熱水費の請求書","中","FM業者が把握しているのは自社の請求分だけ。光熱水費を含む全体は経理への依頼が必要"
"107","フリーアドレス作業スペースの面積合計","「予約可能」 = TRUE であるスペース・レコード","M061","顧客の総務部門","フロアレイアウト図、座席予約システム、面積表","中","フリーアドレスの範囲は図面で分かるが、その面積を区分して集計した資料は少ない"
"108","作業スペースの面積合計","「作業ポイント」 = TRUE であるスペース・レコード","M061","建物所有者・顧客の総務部門","CAD図面、フロア・室別の面積表、レイアウト図","中","執務エリアの面積は図面から計算できるが、室ごとの用途区分が必要"
"109","","フリーアドレス作業者は、従業員レコードの「割り当てタイプ」フィールドで判別されます。 割り当てタイプ・オプション = 割り当て済み、携帯電話、非オフィス・ワーカー (Non-Office Worker)、およびリモート。","M062","顧客の人事・総務部門","在籍者名簿、座席表","中","勤務形態は人事データにあるが、個人情報なので人数集計の形での提供になる"
"110","","タスク – ベースライン完了日、ベースライン予定日、完了/クローズ状況","M067 M074","FM業者自身・保守協力会社","CMMS、作業指示票、作業報告書","低","自社業務で発生するデータ。作業ごとに期限（SLA）を記録していれば集計できる"
"111","","タスク関連の時間エントリーの合計時間 = 該当する収集期間について関連付けられたタスクを持つ時間エントリーに記録された合計時間","M070","FM業者自身","作業日報、勤怠システム","中","勤務時間の合計は取れるが、作業ごとに工数を付けて記録していないと算出できない"
"112","","時間エントリーの合計時間 = 該当する収集期間についてタスク関連の時間エントリー (分子) 内に収集された個人の作業スケジュールに基づく合計「標準」時間 (つまり 1 日 8 時間、週 40 時間)","M070","FM業者自身","勤怠システム、勤務シフト表","低","自社の作業員の勤務スケジュールから算出できる"
"113","","プロジェクト総建設面積およびプロジェクトの利用可能面積","M071","顧客の施設・不動産部門、設計事務所","設計図書（面積表）、確認申請書","中","設計図書に記載はあるが、顧客側に依頼して集める必要がある"
"114","","財務サマリー・オブジェクトは運用コスト合計のサマリー・データを提供します。","M076","顧客の経理部門（ERP）","予算実績管理表、管理費明細","中","FM業者が把握しているのは自社の請求分だけ。全体のコストと予測値は経理への依頼が必要"
"115","","タスクの合計契約コスト = タスクに関連付けられている担当組織が外部組織であるか、担当組織が社内の部門または機関あるいは作業グループであっても、リソースとして外部組織が指定されている場合の合計タスク・コスト。","M078","FM業者自身・保守協力会社、顧客の施設部門","協力会社からの請求書、CMMS","中","自社と協力会社の分は把握できるが、顧客の社内要員で行った作業のコストは顧客側にしかない"
"116","","合計タスク・コスト = すべてのタスクの合計コスト","M078","FM業者自身、顧客の施設部門","CMMS、作業実績・請求明細","中","自社と協力会社の分は把握できるが、顧客の社内要員で行った作業のコストは顧客側にしかない"
"117","時間外勤務時間","「時間タイプ」=「時間外勤務時間」の時間エントリー","M083","FM業者自身","勤怠システム","低","自社の作業員の勤怠記録"
"118","","時間エントリーの合計時間 = 該当する収集期間についてタスク関連の時間エントリー (分子) 内に収集された個人の作業スケジュールに基づく合計「標準」時間 (つまり 1 日 8 時間、週 40 時間) (triTask – 担当組織セクションを持つすべてのタスク・タイプを含む)","M083","FM業者自身","勤怠システム、勤務シフト表","低","自社の作業員の勤務スケジュールから算出できる"
"119","","予算超過プロジェクト =「最終予測」>「現在の予算」","M084","顧客の施設・不動産部門（プロジェクト責任者）、CM会社","プロジェクト予算管理表、稟議書、CM会社の月次報告書","中","予算は稟議にあるが、最終予測を更新し続けている管理表はCM会社がいないと作られていないことが多い"
"120","","スケジュールを超えたまたは下回った日数 (差異) = 計画上の終了日 – 予想終了日。","M085 M090","顧客の不動産・総務部門、施工会社・CM会社","マスター工程表、工事の月次報告書","中","工程表にはあるが、予想終了日を最新に保っているのは施工会社側で、提供を依頼する必要がある"
"121","","期限切れの情報要求 = 情報要求の対応期限日 < システム日付","M086","施工会社・CM会社、設計事務所","質疑応答書、RFI管理台帳","中","工事中の質疑は記録されるが、期限まで管理した台帳はCM会社が入る大型工事に限られる"
"122","","オンタイムで完了したプロジェクト = 実終了日 < 計画上の終了日","M089","顧客の不動産・総務部門、施工会社","プロジェクト管理台帳、工程表、竣工・引渡書類","中","顧客社内のプロジェクト記録で、提供を依頼すれば得られる。ただし台帳化されていないことが多い"
"123","","プロジェクト総建設面積およびプロジェクトの利用可能面積。","M094","顧客の施設・不動産部門、設計事務所","設計図書（面積表）、確認申請書","中","設計図書に記載はあるが、顧客側に依頼して集める必要がある"
"124","不動産トランザクション計画","計画上の収益週数 = (会計年の終了日 – 不動産プロジェクトの計画上の終了日) の合計","M096","顧客の不動産部門","プロジェクト管理台帳、不動産戦略計画書","中","計画上の終了日が分かれば会計年度末との差で計算できる。ただし顧客に依頼して集める必要がある"
"125","不動産トランザクション計画","計算上の収益週数 = (会計年の終了日 – 不動産プロジェクトの計算上の終了日) の合計","M096","顧客の不動産部門（TRIRIGAの不動産トランザクション計画）","TRIRIGA内の不動産トランザクション計画 ※システム外では通常存在しない","高","TRIRIGAが計算する終了日を使うため、導入前は算出元のデータ自体がない"
"126","","情報要求応答時間 = 情報要求クローズ日 – 情報要求作成日","M097","施工会社・CM会社、設計事務所","質疑応答書、RFI管理台帳","中","工事中の質疑は記録されるが、作成日と回答日を揃えた台帳はCM会社が入る大型工事に限られる"
"127","","タスク・コスト、サブタブ・データ照会用: 関連する建物総面積、関連するタスク組織 (要求者、責任者)","M101","FM業者自身＋顧客（組織マスタ）","CMMS、作業実績・請求明細、顧客の組織・拠点マスタ、面積表","中","コストは自社にあるが、要求者・責任者の組織と紐付けるには顧客の組織マスタが必要"
"128","","タスク・オブジェクトとタスク・コストのための関連するデータ、ロケーション、および建物データ","M102","FM業者自身","CMMS、作業依頼の受付記録","低","自社業務で発生するデータなので直接記録できる"
"129","","タスク関連の時間エントリーの合計時間 = 該当する収集期間について関連付けられたタスクを持つ時間エントリーに記録された合計時間。","M103","FM業者自身","作業日報、勤怠システム","中","勤務時間の合計は取れるが、作業ごとに工数を付けて記録していないと算出できない"
"130","","時間エントリーの合計時間 = 該当する収集期間についてタスク関連の時間エントリー (分子) 内に収集された個人の作業スケジュールに基づく合計「標準」時間 (つまり 1 日 8 時間、週 40 時間など)","M103","FM業者自身","勤怠システム、勤務シフト表","低","自社の作業員の勤務スケジュールから算出できる"
"131","","面積: ドリル・パスまたは対話式フィルターによってフィルタリング/グループ化された面積","M109","建物所有者・顧客の総務部門","CAD図面、フロア・室別の面積表","中","建物単位は容易だが、スペース・クラス（室用途）ごとに分けるには図面の面積計算が必要"
"132","","面積あたりのコスト = 合計不動産コスト: 支払品目から取り込まれた不動産コスト (時間でフィルタリングされたもの) / 不動産契約: 合計賃貸可能面積","M117","顧客の経理・不動産部門","賃料・共益費の支払明細、賃貸借契約書（契約面積）","中","契約書から推定はできるが、実績値は経理への依頼が必要"
"133","作業ポイント合計","全体的なスペース・キャパシティー (「作業ポイント」=「TRUE」でフィルタリング)","M123 M125","顧客の総務部門、FM業者（レイアウト管理を受託している場合）","座席表、レイアウト図、什器台帳","低","図面やレイアウト図から席数を数えられる"
