データ分類,システム／保管場所,管理者,種別,帳票,No,項目,取得難易度,関連指標ID,データ保持主体（原表）
スペース利用契約,会計システム（ERP）,顧客 経理部門,システム,部門別スペース賃料の配賦表（SUA）,65,SUA 賃貸可能面積,高,M091,顧客の不動産・経理部門
スペース利用契約,賃貸借契約・物件台帳（Excel／紙）,顧客 不動産部門,紙・Excel,賃借物件台帳,66,不動産契約:,中,M091,顧客の不動産部門（※見出し行。67の親項目）
スペース利用契約,賃貸借契約・物件台帳（Excel／紙）,顧客 不動産部門,紙・Excel,賃借物件台帳,67,合計賃貸可能面積,中,M091,顧客の不動産部門、貸主
スペース利用契約,賃貸借契約・物件台帳（Excel／紙）,顧客 不動産部門,紙・Excel,賃貸借契約書,66,不動産契約:,中,M091,顧客の不動産部門（※見出し行。67の親項目）
スペース利用契約,賃貸借契約・物件台帳（Excel／紙）,顧客 不動産部門,紙・Excel,賃貸借契約書,67,合計賃貸可能面積,中,M091,顧客の不動産部門、貸主
タスク・保全,CMMS（保全管理システム）,FM業者（保全担当）,システム,CMMS（データ全般）,3,実終了日,低,M002,FM業者自身・保守協力会社
タスク・保全,CMMS（保全管理システム）,FM業者（保全担当）,システム,CMMS（データ全般）,4,計画上の終了日,低,M002,FM業者自身・顧客の施設管理担当
タスク・保全,CMMS（保全管理システム）,FM業者（保全担当）,システム,CMMS（データ全般）,61,「タスク・タイプ」が「予防」、「状況」が「完了」または「クローズ済み」、「計画上の終了」が収集期間内にある、完了した予防保全タスクの総数,低,M087,FM業者自身・保守協力会社
タスク・保全,CMMS（保全管理システム）,FM業者（保全担当）,システム,CMMS（データ全般）,62,「タスク・タイプ」が「予防」、「状況」が「完了」、「クローズ済み」、または「計画」、「計画上の終了」が収集期間内にある、スケジュール済みの予防保全タスクの総数,低,M087,FM業者自身
タスク・保全,CMMS（保全管理システム）,FM業者（保全担当）,システム,作業報告書・点検報告書,3,実終了日,低,M002,FM業者自身・保守協力会社
タスク・保全,CMMS（保全管理システム）,FM業者（保全担当）,システム,作業報告書・点検報告書,61,「タスク・タイプ」が「予防」、「状況」が「完了」または「クローズ済み」、「計画上の終了」が収集期間内にある、完了した予防保全タスクの総数,低,M087,FM業者自身・保守協力会社
タスク・保全,CMMS（保全管理システム）,FM業者（保全担当）,システム,作業指示票,3,実終了日,低,M002,FM業者自身・保守協力会社
タスク・保全,CMMS（保全管理システム）,FM業者（保全担当）,システム,作業指示票,4,計画上の終了日,低,M002,FM業者自身・顧客の施設管理担当
タスク・保全,CMMS（保全管理システム）,FM業者（保全担当）,システム,年間保守・点検計画表,4,計画上の終了日,低,M002,FM業者自身・顧客の施設管理担当
タスク・保全,CMMS（保全管理システム）,FM業者（保全担当）,システム,年間保守・点検計画表,62,「タスク・タイプ」が「予防」、「状況」が「完了」、「クローズ済み」、または「計画」、「計画上の終了」が収集期間内にある、スケジュール済みの予防保全タスクの総数,低,M087,FM業者自身
タスク・保全（推定）,CMMS（保全管理システム）,FM業者（保全担当）,システム,CMMS（データ全般）,50,タスク – 担当組織セクションを持つすべてのタスク・タイプを含む,低,M066 M073,FM業者自身・保守協力会社
タスク・保全（推定）,CMMS（保全管理システム）,FM業者（保全担当）,システム,CMMS（データ全般）,80,タスク・タイプ別の完了タスクの合計コスト,低,M122,FM業者自身
タスク・保全（推定）,CMMS（保全管理システム）,FM業者（保全担当）,システム,CMMS（データ全般）,81,完了タスクの合計コスト,低,M122,FM業者自身
タスク・保全（推定）,CMMS（保全管理システム）,FM業者（保全担当）,システム,作業依頼の受付記録,50,タスク – 担当組織セクションを持つすべてのタスク・タイプを含む,低,M066 M073,FM業者自身・保守協力会社
タスク・保全（推定）,CMMS（保全管理システム）,FM業者（保全担当）,システム,作業指示票,50,タスク – 担当組織セクションを持つすべてのタスク・タイプを含む,低,M066 M073,FM業者自身・保守協力会社
タスク・保全（推定）,CMMS（保全管理システム）,FM業者（保全担当）,システム,修繕工事の記録,64,「タスク・タイプ」が「改良」である完了済みタスクの合計コスト,低,M088,FM業者自身・修繕施工会社
タスク・保全（推定）,見積・請求管理,FM業者（営業・経理）,システム,作業実績・請求明細,51,計画上のコスト、実コスト (完了またはクローズしたタスクについて),低,M066 M073,FM業者自身
タスク・保全（推定）,見積・請求管理,FM業者（営業・経理）,システム,作業実績・請求明細,63,「タスク・タイプ」が「予防」である完了済み予防タスクの合計コスト,低,M088,FM業者自身
タスク・保全（推定）,見積・請求管理,FM業者（営業・経理）,システム,作業実績・請求明細,64,「タスク・タイプ」が「改良」である完了済みタスクの合計コスト,低,M088,FM業者自身・修繕施工会社
タスク・保全（推定）,見積・請求管理,FM業者（営業・経理）,システム,作業実績・請求明細,80,タスク・タイプ別の完了タスクの合計コスト,低,M122,FM業者自身
タスク・保全（推定）,見積・請求管理,FM業者（営業・経理）,システム,作業実績・請求明細,81,完了タスクの合計コスト,低,M122,FM業者自身
タスク・保全（推定）,見積・請求管理,FM業者（営業・経理）,システム,見積書,51,計画上のコスト、実コスト (完了またはクローズしたタスクについて),低,M066 M073,FM業者自身
タスク・保全（推定）,見積・請求管理,FM業者（営業・経理）,システム,見積書,63,「タスク・タイプ」が「予防」である完了済み予防タスクの合計コスト,低,M088,FM業者自身
不動産コスト・収入,会計システム（ERP）,顧客 経理部門,システム,勘定元帳（全般）,27,支払品目から取り込まれた不動産コスト,中,M026,顧客の経理・不動産部門
不動産コスト・収入,会計システム（ERP）,顧客 経理部門,システム,固定資産台帳,25,支払品目から取り込まれた所有物件不動産コスト,高,M025,顧客の経理部門（固定資産・税務）
不動産コスト・収入,会計システム（ERP）,顧客 経理部門,システム,地代家賃勘定,23,支払品目から取り込まれたリース不動産コスト,中,M024,顧客の経理・不動産部門
不動産コスト・収入,会計システム（ERP）,顧客 経理部門,システム,地代家賃勘定,29,支払品目から取り込まれた不動産リース・コスト,中,M027,顧客の経理・不動産部門
不動産コスト・収入,会計システム（ERP）,顧客 経理部門,システム,買掛・支払明細,23,支払品目から取り込まれたリース不動産コスト,中,M024,顧客の経理・不動産部門
不動産コスト・収入,会計システム（ERP）,顧客 経理部門,システム,買掛・支払明細,27,支払品目から取り込まれた不動産コスト,中,M026,顧客の経理・不動産部門
不動産コスト・収入,会計システム（ERP）,顧客 経理部門,システム,買掛・支払明細,29,支払品目から取り込まれた不動産リース・コスト,中,M027,顧客の経理・不動産部門
不動産コスト・収入,受領した請求書・証憑（紙／PDF）,顧客 経理部門,紙・Excel,保険証券,25,支払品目から取り込まれた所有物件不動産コスト,高,M025,顧客の経理部門（固定資産・税務）
不動産コスト・収入,受領した請求書・証憑（紙／PDF）,顧客 経理部門,紙・Excel,固定資産税の納税通知,25,支払品目から取り込まれた所有物件不動産コスト,高,M025,顧客の経理部門（固定資産・税務）
不動産コスト・収入,賃貸管理（レントロール）,PM会社,システム,レントロール,42,所有物件不動産収入,中,M058,顧客の経理部門、PM（プロパティマネジメント）会社
不動産プロジェクト,TRIRIGA,顧客 不動産部門,システム,取引評価（シグマ・スコア）,16,総合シグマ・スコア,高,M009 M010,顧客の不動産部門（TRIRIGAの取引評価機能）
不動産プロジェクト,不動産プロジェクト記録（Excel／MS Project）,顧客 不動産部門（プロジェクト責任者）,紙・Excel,プロジェクト管理台帳,1,不動産プロジェクトの実終了日,中,M001 M003 M065,顧客の不動産・総務部門（プロジェクト責任者）、施工会社・CM会社
不動産プロジェクト,不動産プロジェクト記録（Excel／MS Project）,顧客 不動産部門（プロジェクト責任者）,紙・Excel,プロジェクト管理台帳,49,不動産プロジェクトの実開始日,中,M065,顧客の不動産・総務部門、施工会社
不動産プロジェクト,不動産プロジェクト記録（Excel／MS Project）,顧客 不動産部門（プロジェクト責任者）,紙・Excel,工事請負契約書,2,不動産プロジェクトの計画上の終了日,中,M001 M003,顧客の不動産・総務部門、施工会社・CM会社
不動産プロジェクト,不動産プロジェクト記録（Excel／MS Project）,顧客 不動産部門（プロジェクト責任者）,紙・Excel,工程表,1,不動産プロジェクトの実終了日,中,M001 M003 M065,顧客の不動産・総務部門（プロジェクト責任者）、施工会社・CM会社
不動産プロジェクト,不動産プロジェクト記録（Excel／MS Project）,顧客 不動産部門（プロジェクト責任者）,紙・Excel,工程表,2,不動産プロジェクトの計画上の終了日,中,M001 M003,顧客の不動産・総務部門、施工会社・CM会社
不動産プロジェクト,不動産プロジェクト記録（Excel／MS Project）,顧客 不動産部門（プロジェクト責任者）,紙・Excel,工程表,49,不動産プロジェクトの実開始日,中,M065,顧客の不動産・総務部門、施工会社
不動産プロジェクト,不動産プロジェクト記録（Excel／MS Project）,顧客 不動産部門（プロジェクト責任者）,紙・Excel,着工届,49,不動産プロジェクトの実開始日,中,M065,顧客の不動産・総務部門、施工会社
不動産プロジェクト,不動産プロジェクト記録（Excel／MS Project）,顧客 不動産部門（プロジェクト責任者）,紙・Excel,稟議書,2,不動産プロジェクトの計画上の終了日,中,M001 M003,顧客の不動産・総務部門、施工会社・CM会社
不動産プロジェクト,不動産プロジェクト記録（Excel／MS Project）,顧客 不動産部門（プロジェクト責任者）,紙・Excel,竣工・引渡書類,1,不動産プロジェクトの実終了日,中,M001 M003 M065,顧客の不動産・総務部門（プロジェクト責任者）、施工会社・CM会社
不動産プロジェクト（推定）,不動産プロジェクト記録（Excel／MS Project）,顧客 不動産部門（プロジェクト責任者）,紙・Excel,プロジェクト管理台帳,41,不動産プロジェクト (triREProject),中,M057,顧客の不動産部門
不動産プロジェクト（推定）,不動産プロジェクト記録（Excel／MS Project）,顧客 不動産部門（プロジェクト責任者）,紙・Excel,稟議書,41,不動産プロジェクト (triREProject),中,M057,顧客の不動産部門
不動産プロジェクト（推定）,経営計画資料,顧客 経営企画部門,紙・Excel,不動産戦略計画書,40,履行計画,高,M057,顧客の経営企画・不動産戦略部門
不動産プロジェクト（推定）,経営計画資料,顧客 経営企画部門,紙・Excel,中期経営計画,40,履行計画,高,M057,顧客の経営企画・不動産戦略部門
不動産プロジェクト（推定）,経営計画資料,顧客 経営企画部門,紙・Excel,拠点再編計画,40,履行計画,高,M057,顧客の経営企画・不動産戦略部門
不動産契約・リース,人事システム,顧客 人事部門,システム,在籍者名簿,13,合計人数,中,M007,顧客の総務・人事部門
不動産契約・リース,人事システム,顧客 人事部門,システム,在籍者名簿,28,合計人数,中,M026 M098 M099,顧客の総務・人事部門
不動産契約・リース,会計システム（ERP）,顧客 経理部門,システム,固定資産台帳,9,すべてのアクティブな不動産契約からの賃貸可能面積の合計 (所有物件 + リース),中,M005,顧客の不動産部門・経理部門（固定資産）
不動産契約・リース,会計システム（ERP）,顧客 経理部門,システム,支払実績,7,支払日,高,M004,顧客の経理部門
不動産契約・リース,会計システム（ERP）,顧客 経理部門,システム,買掛・支払明細,5,支払品目,中,M004,顧客の経理・不動産部門、貸主
不動産契約・リース,会計システム（ERP）,顧客 経理部門,システム,銀行振込記録,7,支払日,高,M004,顧客の経理部門
不動産契約・リース,受領した請求書・証憑（紙／PDF）,顧客 経理部門,紙・Excel,貸主からの請求書,6,期限,中,M004,顧客の経理・不動産部門、貸主
不動産契約・リース,座席・レイアウト資料（Excel／CAD／紙）,顧客 総務部門,紙・Excel,フロアレイアウト図,30,合計席数,低,M027 M098 M099,顧客の総務部門、FM業者（レイアウト管理を受託している場合）
不動産契約・リース,座席・レイアウト資料（Excel／CAD／紙）,顧客 総務部門,紙・Excel,什器台帳,30,合計席数,低,M027 M098 M099,顧客の総務部門、FM業者（レイアウト管理を受託している場合）
不動産契約・リース,座席・レイアウト資料（Excel／CAD／紙）,顧客 総務部門,紙・Excel,座席表,13,合計人数,中,M007,顧客の総務・人事部門
不動産契約・リース,座席・レイアウト資料（Excel／CAD／紙）,顧客 総務部門,紙・Excel,座席表,28,合計人数,中,M026 M098 M099,顧客の総務・人事部門
不動産契約・リース,座席・レイアウト資料（Excel／CAD／紙）,顧客 総務部門,紙・Excel,座席表,30,合計席数,低,M027 M098 M099,顧客の総務部門、FM業者（レイアウト管理を受託している場合）
不動産契約・リース,竣工図書・面積資料（CAD／紙）,建物所有者（顧客 不動産部門）,紙・Excel,面積表,9,すべてのアクティブな不動産契約からの賃貸可能面積の合計 (所有物件 + リース),中,M005,顧客の不動産部門・経理部門（固定資産）
不動産契約・リース,賃貸借契約・物件台帳（Excel／紙）,顧客 不動産部門,紙・Excel,登記簿,9,すべてのアクティブな不動産契約からの賃貸可能面積の合計 (所有物件 + リース),中,M005,顧客の不動産部門・経理部門（固定資産）
不動産契約・リース,賃貸借契約・物件台帳（Excel／紙）,顧客 不動産部門,紙・Excel,賃借物件台帳,8,不動産リースからの賃貸可能面積の合計,中,M005,顧客の不動産部門、貸主
不動産契約・リース,賃貸借契約・物件台帳（Excel／紙）,顧客 不動産部門,紙・Excel,賃借物件台帳,9,すべてのアクティブな不動産契約からの賃貸可能面積の合計 (所有物件 + リース),中,M005,顧客の不動産部門・経理部門（固定資産）
不動産契約・リース,賃貸借契約・物件台帳（Excel／紙）,顧客 不動産部門,紙・Excel,賃借物件台帳,12,合計賃貸可能面積,中,M007,顧客の不動産部門、貸主
不動産契約・リース,賃貸借契約・物件台帳（Excel／紙）,顧客 不動産部門,紙・Excel,賃借物件台帳,24,合計賃貸可能面積,中,M024,顧客の不動産部門、貸主
不動産契約・リース,賃貸借契約・物件台帳（Excel／紙）,顧客 不動産部門,紙・Excel,賃借物件台帳,79,合計賃貸可能面積,中,M118,顧客の不動産部門、貸主
不動産契約・リース,賃貸借契約・物件台帳（Excel／紙）,顧客 不動産部門,紙・Excel,賃貸借契約書,5,支払品目,中,M004,顧客の経理・不動産部門、貸主
不動産契約・リース,賃貸借契約・物件台帳（Excel／紙）,顧客 不動産部門,紙・Excel,賃貸借契約書,6,期限,中,M004,顧客の経理・不動産部門、貸主
不動産契約・リース,賃貸借契約・物件台帳（Excel／紙）,顧客 不動産部門,紙・Excel,賃貸借契約書,8,不動産リースからの賃貸可能面積の合計,中,M005,顧客の不動産部門、貸主
不動産契約・リース,賃貸借契約・物件台帳（Excel／紙）,顧客 不動産部門,紙・Excel,賃貸借契約書,12,合計賃貸可能面積,中,M007,顧客の不動産部門、貸主
不動産契約・リース,賃貸借契約・物件台帳（Excel／紙）,顧客 不動産部門,紙・Excel,賃貸借契約書,24,合計賃貸可能面積,中,M024,顧客の不動産部門、貸主
不動産契約・リース,賃貸借契約・物件台帳（Excel／紙）,顧客 不動産部門,紙・Excel,賃貸借契約書,79,合計賃貸可能面積,中,M118,顧客の不動産部門、貸主
不動産契約・リース,賃貸管理（レントロール）,PM会社,システム,レントロール,78,空き面積合計,中,M118,顧客の不動産部門、PM会社
不動産契約・リース,賃貸管理（レントロール）,PM会社,システム,空室表,78,空き面積合計,中,M118,顧客の不動産部門、PM会社
不動産契約・リース（推定）,座席・レイアウト資料（Excel／CAD／紙）,顧客 総務部門,紙・Excel,スペース利用状況の調査,77,空き合計,中,M117,顧客の不動産部門、PM会社
不動産契約・リース（推定）,賃貸借契約・物件台帳（Excel／紙）,顧客 不動産部門,紙・Excel,賃借物件台帳,75,不動産契約:,中,M117,顧客の不動産部門（※見出し行。76・77の親項目）
不動産契約・リース（推定）,賃貸借契約・物件台帳（Excel／紙）,顧客 不動産部門,紙・Excel,賃借物件台帳,76,合計賃貸可能面積,中,M117,顧客の不動産部門、貸主
不動産契約・リース（推定）,賃貸借契約・物件台帳（Excel／紙）,顧客 不動産部門,紙・Excel,賃貸借契約書,75,不動産契約:,中,M117,顧客の不動産部門（※見出し行。76・77の親項目）
不動産契約・リース（推定）,賃貸借契約・物件台帳（Excel／紙）,顧客 不動産部門,紙・Excel,賃貸借契約書,76,合計賃貸可能面積,中,M117,顧客の不動産部門、貸主
不動産契約・リース（推定）,賃貸管理（レントロール）,PM会社,システム,レントロール,77,空き合計,中,M117,顧客の不動産部門、PM会社
不動産契約・リース（推定）,賃貸管理（レントロール）,PM会社,システム,空室表,77,空き合計,中,M117,顧客の不動産部門、PM会社
作業者（人）,人事システム,顧客 人事部門,システム,在籍者名簿,18,スペースに割り当てられている人物の数,中,M017,顧客の総務部門
作業者（人）,人事システム,顧客 人事部門,システム,在籍者名簿,22,建物のスペース、フロア、または建物に割り当てられた人。,中,M022,顧客の総務部門
作業者（人）,人事システム,顧客 人事部門,システム,在籍者名簿,33,建物内で (スペース、フロア、または建物に) 割り当てられたすべての人物,中,M031,顧客の総務部門
作業者（人）,人事システム,顧客 人事部門,システム,在籍者名簿,73,スペースに割り当てられる人。,中,M114,顧客の総務部門
作業者（人）,人事システム,顧客 人事部門,システム,在籍者名簿,82,建物内で割り当てられているすべての人,中,M123,顧客の総務部門
作業者（人）,座席・レイアウト資料（Excel／CAD／紙）,顧客 総務部門,紙・Excel,フロアレイアウト図,18,スペースに割り当てられている人物の数,中,M017,顧客の総務部門
作業者（人）,座席・レイアウト資料（Excel／CAD／紙）,顧客 総務部門,紙・Excel,フロアレイアウト図,22,建物のスペース、フロア、または建物に割り当てられた人。,中,M022,顧客の総務部門
作業者（人）,座席・レイアウト資料（Excel／CAD／紙）,顧客 総務部門,紙・Excel,フロアレイアウト図,33,建物内で (スペース、フロア、または建物に) 割り当てられたすべての人物,中,M031,顧客の総務部門
作業者（人）,座席・レイアウト資料（Excel／CAD／紙）,顧客 総務部門,紙・Excel,座席表,18,スペースに割り当てられている人物の数,中,M017,顧客の総務部門
作業者（人）,座席・レイアウト資料（Excel／CAD／紙）,顧客 総務部門,紙・Excel,座席表,22,建物のスペース、フロア、または建物に割り当てられた人。,中,M022,顧客の総務部門
作業者（人）,座席・レイアウト資料（Excel／CAD／紙）,顧客 総務部門,紙・Excel,座席表,33,建物内で (スペース、フロア、または建物に) 割り当てられたすべての人物,中,M031,顧客の総務部門
作業者（人）,座席・レイアウト資料（Excel／CAD／紙）,顧客 総務部門,紙・Excel,座席表,73,スペースに割り当てられる人。,中,M114,顧客の総務部門
作業者（人）,座席・レイアウト資料（Excel／CAD／紙）,顧客 総務部門,紙・Excel,座席表,82,建物内で割り当てられているすべての人,中,M123,顧客の総務部門
勤怠・作業時間（推定）,人事システム,顧客 人事部門,システム,組織・拠点マスタ,53,組織、ロケーション、および地域は、タイム・カード・エントリーの従業員の関連付けに基づきます。,中,M070 M083 M103,FM業者自身（勤怠）＋顧客（組織マスタ）
勤怠・作業時間（推定）,勤怠システム,FM業者（労務管理）,システム,タイムカード,60,タイム・カードおよび時間エントリーから:,低,M083,FM業者自身
勤怠・作業時間（推定）,勤怠システム,FM業者（労務管理）,システム,作業日報,52,期間は時間ログの明細日付に基づきます (タイム・カード期間ではありません),低,M070 M083,FM業者自身
勤怠・作業時間（推定）,勤怠システム,FM業者（労務管理）,システム,作業日報,53,組織、ロケーション、および地域は、タイム・カード・エントリーの従業員の関連付けに基づきます。,中,M070 M083 M103,FM業者自身（勤怠）＋顧客（組織マスタ）
勤怠・作業時間（推定）,勤怠システム,FM業者（労務管理）,システム,作業日報,69,期間は時間ログの明細日付に基づきます (タイム・カード期間ではありません)。,低,M103,FM業者自身
勤怠・作業時間（推定）,勤怠システム,FM業者（労務管理）,システム,勤怠データ,52,期間は時間ログの明細日付に基づきます (タイム・カード期間ではありません),低,M070 M083,FM業者自身
勤怠・作業時間（推定）,勤怠システム,FM業者（労務管理）,システム,勤怠データ,53,組織、ロケーション、および地域は、タイム・カード・エントリーの従業員の関連付けに基づきます。,中,M070 M083 M103,FM業者自身（勤怠）＋顧客（組織マスタ）
勤怠・作業時間（推定）,勤怠システム,FM業者（労務管理）,システム,勤怠データ,60,タイム・カードおよび時間エントリーから:,低,M083,FM業者自身
勤怠・作業時間（推定）,勤怠システム,FM業者（労務管理）,システム,勤怠データ,69,期間は時間ログの明細日付に基づきます (タイム・カード期間ではありません)。,低,M103,FM業者自身
所有物件,会計システム（ERP）,顧客 経理部門,システム,固定資産台帳,26,合計賃貸可能面積,中,M025 M058,顧客の不動産部門・経理部門（固定資産）
所有物件,竣工図書・面積資料（CAD／紙）,建物所有者（顧客 不動産部門）,紙・Excel,竣工図面,26,合計賃貸可能面積,中,M025 M058,顧客の不動産部門・経理部門（固定資産）
所有物件,賃貸借契約・物件台帳（Excel／紙）,顧客 不動産部門,紙・Excel,登記簿,26,合計賃貸可能面積,中,M025 M058,顧客の不動産部門・経理部門（固定資産）
支払,会計システム（ERP）,顧客 経理部門,システム,支払実績,15,支払日,高,M008,顧客の経理部門
支払,会計システム（ERP）,顧客 経理部門,システム,買掛・支払明細,10,貸主あたりの請求金額,中,M006,貸主、顧客の経理部門
支払,会計システム（ERP）,顧客 経理部門,システム,銀行振込記録,15,支払日,高,M008,顧客の経理部門
支払,受領した請求書・証憑（紙／PDF）,顧客 経理部門,紙・Excel,貸主からの請求書,10,貸主あたりの請求金額,中,M006,貸主、顧客の経理部門
支払,受領した請求書・証憑（紙／PDF）,顧客 経理部門,紙・Excel,貸主からの請求書,14,支払期日,中,M008,顧客の経理部門、貸主
支払,照合記録・監査調書,顧客 内部監査部門,紙・Excel,監査調書,11,支払差額,高,M006,顧客の経理・内部監査部門（またはリース監査を受託するコンサル）
支払,照合記録・監査調書,顧客 内部監査部門,紙・Excel,請求額と契約額の照合記録,11,支払差額,高,M006,顧客の経理・内部監査部門（またはリース監査を受託するコンサル）
支払,賃貸借契約・物件台帳（Excel／紙）,顧客 不動産部門,紙・Excel,賃貸借契約書,14,支払期日,中,M008,顧客の経理部門、貸主
移動（MAC）,人事システム,顧客 人事部門,システム,人事異動記録,17,期間ごとの、移動した人物の数 (入出ログより),中,M017,顧客の人事・総務部門、引越業者、入退館システム管理者
移動（MAC）,入退館システム,顧客 総務部門（入退館システム管理者）,システム,入退館ログ,17,期間ごとの、移動した人物の数 (入出ログより),中,M017,顧客の人事・総務部門、引越業者、入退館システム管理者
移動（MAC）,受領した請求書・証憑（紙／PDF）,顧客 経理部門,紙・Excel,引越しの見積書・請求書,46,移動プロジェクトの実コスト,中,M064,顧客の総務部門、引越業者
移動（MAC）,座席・レイアウト資料（Excel／CAD／紙）,顧客 総務部門,紙・Excel,移転プロジェクトの予算実績表,46,移動プロジェクトの実コスト,中,M064,顧客の総務部門、引越業者
移動（MAC）,引越し作業記録,引越業者,紙・Excel,引越し作業記録,17,期間ごとの、移動した人物の数 (入出ログより),中,M017,顧客の人事・総務部門、引越業者、入退館システム管理者
移動（MAC）,引越し作業記録,引越業者,紙・Excel,引越し品目リスト,47,移動された人物の移動プロジェクト品目数,中,M064,引越業者、FM業者、顧客の総務部門
移動（MAC）,引越し作業記録,引越業者,紙・Excel,移動対象者リスト,47,移動された人物の移動プロジェクト品目数,中,M064,引越業者、FM業者、顧客の総務部門
移動（MAC）（推定）,座席・レイアウト資料（Excel／CAD／紙）,顧客 総務部門,紙・Excel,MAC管理台帳・レイアウト変更申請,48,データは施設プロジェクト・オブジェクト (MAC タイプのプロジェクトに使用される) から取得されます。,中,M064,顧客の総務部門、FM業者
調査・評価,業者評価資料,顧客 購買部門,紙・Excel,業者評価の調査票設計書,59,合計調査質問予想スコア,中,M081 M082,顧客の購買・施設部門
調査・評価,業者評価資料,顧客 購買部門,紙・Excel,業者評価表,58,合計調査回答スコア,高,M081 M082,顧客の購買・施設部門
調査・評価,調査票・回答集計（Excel／Webフォーム）,調査の実施者（顧客 施設部門 または FM業者）,紙・Excel,回答集計表,38,合計調査回答スコア,中,M056,顧客の環境・CSR部門、調査の実施者
調査・評価,調査票・回答集計（Excel／Webフォーム）,調査の実施者（顧客 施設部門 または FM業者）,紙・Excel,回答集計表,39,スコアが 0.0 を超える調査質問の総数、該当しない回答の除外、またはその両方。,中,M056,顧客の環境・CSR部門、調査の実施者
調査・評価,調査票・回答集計（Excel／Webフォーム）,調査の実施者（顧客 施設部門 または FM業者）,紙・Excel,調査票の設計書（配点）,39,スコアが 0.0 を超える調査質問の総数、該当しない回答の除外、またはその両方。,中,M056,顧客の環境・CSR部門、調査の実施者
調査・評価（推定）,サステナビリティ資料,顧客 環境・CSR部門,紙・Excel,サステナビリティ報告の資料,35,環境要求評価:,高,M052,顧客の環境・CSR部門（※見出し行。36・37の親項目）
調査・評価（推定）,調査票・回答集計（Excel／Webフォーム）,調査の実施者（顧客 施設部門 または FM業者）,紙・Excel,回答集計表,36,合計調査回答スコア,中,M052 M080,調査の実施者（顧客の施設部門またはFM業者）
調査・評価（推定）,調査票・回答集計（Excel／Webフォーム）,調査の実施者（顧客 施設部門 または FM業者）,紙・Excel,回答集計表,37,スコアが 0.0 を超える調査質問の総数、該当しない回答の除外、またはその両方。,中,M052,調査の設計者（顧客の施設部門またはFM業者）
調査・評価（推定）,調査票・回答集計（Excel／Webフォーム）,調査の実施者（顧客 施設部門 または FM業者）,紙・Excel,調査票の設計書（配点）,35,環境要求評価:,高,M052,顧客の環境・CSR部門（※見出し行。36・37の親項目）
調査・評価（推定）,調査票・回答集計（Excel／Webフォーム）,調査の実施者（顧客 施設部門 または FM業者）,紙・Excel,調査票の設計書（配点）,37,スコアが 0.0 を超える調査質問の総数、該当しない回答の除外、またはその両方。,中,M052,調査の設計者（顧客の施設部門またはFM業者）
調査・評価（推定）,調査票・回答集計（Excel／Webフォーム）,調査の実施者（顧客 施設部門 または FM業者）,紙・Excel,調査票の設計書（配点）,56,ポートフォリオ・マネージャー評価:,中,M080,顧客の不動産部門（※見出し行。57の親項目）
調査・評価（推定）,調査票・回答集計（Excel／Webフォーム）,調査の実施者（顧客 施設部門 または FM業者）,紙・Excel,調査票の設計書（配点）,57,合計調査質問予想スコア,低,M080,調査の設計者（顧客またはFM業者）
財務サマリー,BEMS,FM業者（設備管理）,システム,検針データ,74,「コスト・タイプ」が「公共料金」でフィルタリングされた財務サマリー・テーブルの合計。,中,M116,顧客の経理部門、電力・ガス・水道会社
財務サマリー,会計システム（ERP）,顧客 経理部門,システム,予算実績管理表,70,「運用」コストのみでフィルタリングされた財務サマリー・テーブルの合計。 これには、作業場に関係するすべての運用コスト値 (移動、ユーティリティー、保全、地面、メンテナンスなど) が含まれます。,高,M111 M124,顧客の経理部門（ERP）
財務サマリー,会計システム（ERP）,顧客 経理部門,システム,勘定元帳（全般）,68,「サービス・タイプ」が「セキュリティー関連備品」でフィルタリングされた財務サマリー・テーブルの合計。,中,M100,顧客の経理・総務部門、警備会社
財務サマリー,会計システム（ERP）,顧客 経理部門,システム,決算書,83,「収益」のみでフィルタリングされた財務サマリー・テーブルの合計。,高,M124,顧客の経理・経営企画部門
財務サマリー,会計システム（ERP）,顧客 経理部門,システム,管理会計データ（経費・売上）,71,「ビジネス運用経費」コストのみでフィルタリングされた財務サマリー・テーブルの合計。,高,M111,顧客の経理・経営企画部門
財務サマリー,会計システム（ERP）,顧客 経理部門,システム,管理会計データ（経費・売上）,83,「収益」のみでフィルタリングされた財務サマリー・テーブルの合計。,高,M124,顧客の経理・経営企画部門
財務サマリー,会計システム（ERP）,顧客 経理部門,システム,費目別集計・管理費明細,70,「運用」コストのみでフィルタリングされた財務サマリー・テーブルの合計。 これには、作業場に関係するすべての運用コスト値 (移動、ユーティリティー、保全、地面、メンテナンスなど) が含まれます。,高,M111 M124,顧客の経理部門（ERP）
財務サマリー,受領した請求書・証憑（紙／PDF）,顧客 経理部門,紙・Excel,光熱水費の請求書,74,「コスト・タイプ」が「公共料金」でフィルタリングされた財務サマリー・テーブルの合計。,中,M116,顧客の経理部門、電力・ガス・水道会社
財務サマリー,受領した請求書・証憑（紙／PDF）,顧客 経理部門,紙・Excel,警備委託の請求書,68,「サービス・タイプ」が「セキュリティー関連備品」でフィルタリングされた財務サマリー・テーブルの合計。,中,M100,顧客の経理・総務部門、警備会社
財務サマリー,座席・レイアウト資料（Excel／CAD／紙）,顧客 総務部門,紙・Excel,セキュリティ機器の保守契約,68,「サービス・タイプ」が「セキュリティー関連備品」でフィルタリングされた財務サマリー・テーブルの合計。,中,M100,顧客の経理・総務部門、警備会社
財務サマリー（推定）,会計システム（ERP）,顧客 経理部門,システム,予算実績管理表,20,財務サマリー・オブジェクトは運用コストのサマリー・データを提供します,中,M021 M022 M063 M113,顧客の経理部門（ERP）
財務サマリー（推定）,会計システム（ERP）,顧客 経理部門,システム,予算実績管理表,72,財務サマリー・オブジェクトは運用コスト合計のサマリー・データを提供します,中,M114,顧客の経理部門（ERP）
財務サマリー（推定）,会計システム（ERP）,顧客 経理部門,システム,費目別集計・管理費明細,20,財務サマリー・オブジェクトは運用コストのサマリー・データを提供します,中,M021 M022 M063 M113,顧客の経理部門（ERP）
財務サマリー（推定）,会計システム（ERP）,顧客 経理部門,システム,費目別集計・管理費明細,72,財務サマリー・オブジェクトは運用コスト合計のサマリー・データを提供します,中,M114,顧客の経理部門（ERP）
資産価値（CRV）,修繕計画・設備評価資料,顧客 施設部門,紙・Excel,エンジニアリングレポート,19,建設システム項目 (建設システムごとの現在の再取得価額 (CRV)),高,M018,顧客の施設部門、建築コンサル・積算事務所
資産価値（CRV）,修繕計画・設備評価資料,顧客 施設部門,紙・Excel,中長期修繕計画書,19,建設システム項目 (建設システムごとの現在の再取得価額 (CRV)),高,M018,顧客の施設部門、建築コンサル・積算事務所
資産価値（CRV）,修繕計画・設備評価資料,顧客 施設部門,紙・Excel,設備台帳（再調達価格）,19,建設システム項目 (建設システムごとの現在の再取得価額 (CRV)),高,M018,顧客の施設部門、建築コンサル・積算事務所
面積・スペース,座席・レイアウト資料（Excel／CAD／紙）,顧客 総務部門,紙・Excel,座席表,54,組織に割り当てられているスペース,中,M072,顧客の総務部門
面積・スペース,座席・レイアウト資料（Excel／CAD／紙）,顧客 総務部門,紙・Excel,座席表,84,組織に割り当てられているスペースのスペース・キャパシティー。,中,M125,顧客の総務部門
面積・スペース,座席・レイアウト資料（Excel／CAD／紙）,顧客 総務部門,紙・Excel,部門別配置図・スペース割当表,54,組織に割り当てられているスペース,中,M072,顧客の総務部門
面積・スペース,座席・レイアウト資料（Excel／CAD／紙）,顧客 総務部門,紙・Excel,部門別配置図・スペース割当表,84,組織に割り当てられているスペースのスペース・キャパシティー。,中,M125,顧客の総務部門
面積・スペース,業務仕様書類,FM業者（清掃・保守担当）,紙・Excel,保守対象範囲図,44,フロア・レコードで「メンテナンスされた床」フィールドが「TRUE」である面積の合計。,低,M060 M100,FM業者自身（清掃・保守担当）
面積・スペース,業務仕様書類,FM業者（清掃・保守担当）,紙・Excel,清掃仕様書,44,フロア・レコードで「メンテナンスされた床」フィールドが「TRUE」である面積の合計。,低,M060 M100,FM業者自身（清掃・保守担当）
面積・スペース,業務仕様書類,FM業者（清掃・保守担当）,紙・Excel,清掃面積表,44,フロア・レコードで「メンテナンスされた床」フィールドが「TRUE」である面積の合計。,低,M060 M100,FM業者自身（清掃・保守担当）
面積・スペース,竣工図書・面積資料（CAD／紙）,建物所有者（顧客 不動産部門）,紙・Excel,CAD図面,32,ドリル・パスまたは対話式フィルターによってフィルタリング/グループ化された面積,中,M031,建物所有者・顧客の総務部門
面積・スペース,竣工図書・面積資料（CAD／紙）,建物所有者（顧客 不動産部門）,紙・Excel,CAD図面,34,ドリル・パスまたは対話式フィルターによってフィルタリングされた面積,中,M032,建物所有者・顧客の総務部門
面積・スペース,竣工図書・面積資料（CAD／紙）,建物所有者（顧客 不動産部門）,紙・Excel,竣工図面,21,建物の賃貸可能面積 (平方フィートまたは正方形)。 メートル),低,M021,建物所有者・顧客の不動産部門
面積・スペース,竣工図書・面積資料（CAD／紙）,建物所有者（顧客 不動産部門）,紙・Excel,竣工図面,31,建物の賃貸可能面積,低,M029 M116,建物所有者・顧客の不動産部門
面積・スペース,竣工図書・面積資料（CAD／紙）,建物所有者（顧客 不動産部門）,紙・Excel,竣工図面,43,建物の賃貸可能面積,低,M059,建物所有者・顧客の不動産部門
面積・スペース,竣工図書・面積資料（CAD／紙）,建物所有者（顧客 不動産部門）,紙・Excel,竣工図面,45,建物の賃貸可能面積 (平方フィートまたは平方メートル),低,M063 M113,建物所有者・顧客の不動産部門
面積・スペース,竣工図書・面積資料（CAD／紙）,建物所有者（顧客 不動産部門）,紙・Excel,竣工図面,55,建物内部の合計スペース,低,M072,建物所有者・顧客の不動産部門
面積・スペース,竣工図書・面積資料（CAD／紙）,建物所有者（顧客 不動産部門）,紙・Excel,面積表,21,建物の賃貸可能面積 (平方フィートまたは正方形)。 メートル),低,M021,建物所有者・顧客の不動産部門
面積・スペース,竣工図書・面積資料（CAD／紙）,建物所有者（顧客 不動産部門）,紙・Excel,面積表,31,建物の賃貸可能面積,低,M029 M116,建物所有者・顧客の不動産部門
面積・スペース,竣工図書・面積資料（CAD／紙）,建物所有者（顧客 不動産部門）,紙・Excel,面積表,32,ドリル・パスまたは対話式フィルターによってフィルタリング/グループ化された面積,中,M031,建物所有者・顧客の総務部門
面積・スペース,竣工図書・面積資料（CAD／紙）,建物所有者（顧客 不動産部門）,紙・Excel,面積表,34,ドリル・パスまたは対話式フィルターによってフィルタリングされた面積,中,M032,建物所有者・顧客の総務部門
面積・スペース,竣工図書・面積資料（CAD／紙）,建物所有者（顧客 不動産部門）,紙・Excel,面積表,43,建物の賃貸可能面積,低,M059,建物所有者・顧客の不動産部門
面積・スペース,竣工図書・面積資料（CAD／紙）,建物所有者（顧客 不動産部門）,紙・Excel,面積表,45,建物の賃貸可能面積 (平方フィートまたは平方メートル),低,M063 M113,建物所有者・顧客の不動産部門
面積・スペース,竣工図書・面積資料（CAD／紙）,建物所有者（顧客 不動産部門）,紙・Excel,面積表,55,建物内部の合計スペース,低,M072,建物所有者・顧客の不動産部門
面積・スペース,賃貸借契約・物件台帳（Excel／紙）,顧客 不動産部門,紙・Excel,賃貸借契約書,21,建物の賃貸可能面積 (平方フィートまたは正方形)。 メートル),低,M021,建物所有者・顧客の不動産部門
面積・スペース,賃貸借契約・物件台帳（Excel／紙）,顧客 不動産部門,紙・Excel,賃貸借契約書,31,建物の賃貸可能面積,低,M029 M116,建物所有者・顧客の不動産部門
面積・スペース,賃貸借契約・物件台帳（Excel／紙）,顧客 不動産部門,紙・Excel,賃貸借契約書,45,建物の賃貸可能面積 (平方フィートまたは平方メートル),低,M063 M113,建物所有者・顧客の不動産部門
