大分類,小分類（B列）,システム／保管場所,管理者,種別,帳票,No,項目,項目の意味,取得難易度,関連指標ID,データ保持主体（原表）
会計財務データ,財務サマリー,BEMS,FM業者（設備管理）,システム,検針データ,74,「コスト・タイプ」が「公共料金」でフィルタリングされた財務サマリー・テーブルの合計。,電気・ガス・水道代の合計,中,M116,顧客の経理部門、電力・ガス・水道会社
会計財務データ,資産価値（CRV）（推定）,CMMS（保全管理システム）,FM業者（保全担当）,システム,作業報告書・点検報告書,93,欠陥の合計コスト = 「優先順位」がレベル 1 であり、「状況」が「リタイア済み」または「完了」ではない欠陥の合計コスト。,急いで直すべき不具合（優先度が最も高いもの）の修繕費の合計,中,M018,顧客の施設部門、FM業者（点検・劣化診断を受託している場合）
会計財務データ,資本プロジェクト（工事）（推定）,不動産プロジェクト記録（Excel／MS Project）,顧客 不動産部門（プロジェクト責任者）,紙・Excel,プロジェクト予算管理表,119,予算超過プロジェクト =「最終予測」>「現在の予算」,最終的な見込み額が予算を超えている工事,中,M084,顧客の施設・不動産部門（プロジェクト責任者）、CM会社
会計財務データ,資本プロジェクト（工事）（推定）,不動産プロジェクト記録（Excel／MS Project）,顧客 不動産部門（プロジェクト責任者）,紙・Excel,変更契約書・追加変更工事の合意書,91,契約変更要求の合計金額 = 契約ごとの各変更要求の「変更額」の合計,工事契約の追加・変更で増減した金額の合計,中,M016,顧客の施設・不動産部門（工事発注担当）、施工会社
会計財務データ,資本プロジェクト（工事）（推定）,不動産プロジェクト記録（Excel／MS Project）,顧客 不動産部門（プロジェクト責任者）,紙・Excel,工事請負契約書,92,契約の元のコミットメント = 「契約の一般情報 (Contract General)」ページの「サマリー」セクションの「A. 元のコミットメント」の金額,工事契約の当初の契約金額,中,M016,顧客の施設・不動産部門（工事発注担当）、施工会社
会計財務データ,資本プロジェクト（工事）（推定）,不動産プロジェクト記録（Excel／MS Project）,顧客 不動産部門（プロジェクト責任者）,紙・Excel,稟議書,92,契約の元のコミットメント = 「契約の一般情報 (Contract General)」ページの「サマリー」セクションの「A. 元のコミットメント」の金額,工事契約の当初の契約金額,中,M016,顧客の施設・不動産部門（工事発注担当）、施工会社
会計財務データ,資本プロジェクト（工事）（推定）,不動産プロジェクト記録（Excel／MS Project）,顧客 不動産部門（プロジェクト責任者）,紙・Excel,稟議書,119,予算超過プロジェクト =「最終予測」>「現在の予算」,最終的な見込み額が予算を超えている工事,中,M084,顧客の施設・不動産部門（プロジェクト責任者）、CM会社
会計財務データ,財務サマリー（推定）,会計システム（ERP）,顧客 経理部門,システム,予算実績管理表,20,財務サマリー・オブジェクトは運用コストのサマリー・データを提供します,建物の運用コスト（保守・清掃・光熱費など）の集計,中,M021 M022 M023 M063 M113,顧客の経理部門（ERP）
会計財務データ,財務サマリー,会計システム（ERP）,顧客 経理部門,システム,予算実績管理表,70,「運用」コストのみでフィルタリングされた財務サマリー・テーブルの合計。 これには、作業場に関係するすべての運用コスト値 (移動、ユーティリティー、保全、地面、メンテナンスなど) が含まれます。,オフィス・施設の運営にかかる費用の合計（光熱費・清掃・保守・引越しなど）,高,M111 M124,顧客の経理部門（ERP）
会計財務データ,財務サマリー（推定）,会計システム（ERP）,顧客 経理部門,システム,予算実績管理表,72,財務サマリー・オブジェクトは運用コスト合計のサマリー・データを提供します,建物の運用コストの合計,中,M075 M114 M115,顧客の経理部門（ERP）
会計財務データ,財務サマリー,会計システム（ERP）,顧客 経理部門,システム,予算実績管理表,102,「サービス・タイプ」 = 「メンテナンス」でフィルタリングされた財務サマリー・テーブルの合計。 これには、公共料金、保全、および地面などのすべてのメンテナンス関連コストの値が含まれます。,建物の維持にかかる費用の合計（光熱費・修繕・外構など）,中,M055,顧客の経理部門（ERP）、FM業者自身（自社請負分）
会計財務データ,財務サマリー,会計システム（ERP）,顧客 経理部門,システム,予算実績管理表,105,「コスト・タイプ」 = 「メンテナンス」でフィルタリングされた財務サマリー・テーブルの合計。 これには、公共料金、保全、地面などのすべてのメンテナンス関連コストの値が含まれます。,建物の維持にかかる費用の合計（光熱費・修繕・外構など）,中,M059,顧客の経理部門（ERP）、FM業者自身（自社請負分）
会計財務データ,財務サマリー,会計システム（ERP）,顧客 経理部門,システム,予算実績管理表,106,「サービス・タイプ」 = 「メンテナンス」でフィルタリングされた財務サマリー・テーブルの合計。 これには、公共料金、保全、地面などのすべてのメンテナンス関連コストの値が含まれます。,建物の維持にかかる費用の合計（光熱費・修繕・外構など）,中,M060,顧客の経理部門（ERP）、FM業者自身（自社請負分）
会計財務データ,財務サマリー（推定）,会計システム（ERP）,顧客 経理部門,システム,予算実績管理表,114,財務サマリー・オブジェクトは運用コスト合計のサマリー・データを提供します。,建物の運用コストの予算・実績・今後の見込み,中,M076,顧客の経理部門（ERP）
会計財務データ,財務サマリー,会計システム（ERP）,顧客 経理部門,システム,修繕費・保守料勘定,97,「コスト・タイプ」 = 「保全」でフィルタリングされた財務サマリー・テーブルの合計,修繕・保守にかかった費用の合計,中,M029,顧客の経理部門（ERP）、FM業者自身（自社請負分）
会計財務データ,不動産コスト・収入,会計システム（ERP）,顧客 経理部門,システム,勘定元帳（全般）,27,支払品目から取り込まれた不動産コスト,不動産にかかる費用の合計（借りている物件・所有する物件）,中,M026,顧客の経理・不動産部門
会計財務データ,財務サマリー,会計システム（ERP）,顧客 経理部門,システム,勘定元帳（全般）,68,「サービス・タイプ」が「セキュリティー関連備品」でフィルタリングされた財務サマリー・テーブルの合計。,警備・防犯にかかる費用の合計,中,M100,顧客の経理・総務部門、警備会社
会計財務データ,不動産コスト・収入,会計システム（ERP）,顧客 経理部門,システム,固定資産台帳,25,支払品目から取り込まれた所有物件不動産コスト,自社で所有する物件にかかる費用（減価償却・固定資産税・保険など）,高,M025,顧客の経理部門（固定資産・税務）
会計財務データ,財務サマリー（推定）,会計システム（ERP）,顧客 経理部門,システム,固定資産台帳,88,財務サマリー・オブジェクトは、合計資本コストのサマリー・データを提供します。,設備投資（大規模修繕・更新工事など）の費用,高,M012 M013,顧客の経理部門（固定資産・予算管理）
会計財務データ,財務サマリー,会計システム（ERP）,顧客 経理部門,システム,固定資産台帳,89,「コスト・タイプ」 = 「資本」でフィルタリングされた財務サマリー・テーブルの合計,設備投資（大規模修繕・更新工事など）の費用の合計,高,M014,顧客の経理部門（固定資産）
会計財務データ,不動産コスト・収入,会計システム（ERP）,顧客 経理部門,システム,地代家賃勘定,23,支払品目から取り込まれたリース不動産コスト,借りている物件にかかる費用（賃料など）,中,M024,顧客の経理・不動産部門
会計財務データ,不動産コスト・収入,会計システム（ERP）,顧客 経理部門,システム,地代家賃勘定,29,支払品目から取り込まれた不動産リース・コスト,借りている物件の賃料などの費用,中,M027,顧客の経理・不動産部門
会計財務データ,不動産プロジェクト（推定）,会計システム（ERP）,顧客 経理部門,システム,地代家賃勘定,104,完了トランザクションからの合計削減 = 合計年間節減額 + 生産性節減額 + 現金収入,不動産戦略で実際に実現できた削減額,高,M057,顧客の不動産部門・経理部門
会計財務データ,不動産契約・リース,会計システム（ERP）,顧客 経理部門,システム,支払実績,7,支払日,賃料などを実際に支払った日,高,M004,顧客の経理部門
会計財務データ,支払,会計システム（ERP）,顧客 経理部門,システム,支払実績,15,支払日,賃料などを実際に支払った日,高,M008,顧客の経理部門
会計財務データ,支払,会計システム（ERP）,顧客 経理部門,システム,支払実績,85,未処理売掛金 = 支払品目 (期日が今日以前で、かつ支払われた日付が NULL),支払期限を過ぎたのに、まだ支払っていない賃料など,高,M008,顧客の経理部門
会計財務データ,財務サマリー,会計システム（ERP）,顧客 経理部門,システム,決算書,83,「収益」のみでフィルタリングされた財務サマリー・テーブルの合計。,会社の売上（収益）の合計,高,M124,顧客の経理・経営企画部門
会計財務データ,財務サマリー,会計システム（ERP）,顧客 経理部門,システム,管理会計データ（経費・売上）,71,「ビジネス運用経費」コストのみでフィルタリングされた財務サマリー・テーブルの合計。,会社の事業運営にかかる経費の合計,高,M111,顧客の経理・経営企画部門
会計財務データ,財務サマリー,会計システム（ERP）,顧客 経理部門,システム,管理会計データ（経費・売上）,83,「収益」のみでフィルタリングされた財務サマリー・テーブルの合計。,会社の売上（収益）の合計,高,M124,顧客の経理・経営企画部門
会計財務データ,財務サマリー（推定）,会計システム（ERP）,顧客 経理部門,システム,設備投資の予算実績表,88,財務サマリー・オブジェクトは、合計資本コストのサマリー・データを提供します。,設備投資（大規模修繕・更新工事など）の費用,高,M012 M013,顧客の経理部門（固定資産・予算管理）
会計財務データ,財務サマリー,会計システム（ERP）,顧客 経理部門,システム,設備投資の予算実績表,89,「コスト・タイプ」 = 「資本」でフィルタリングされた財務サマリー・テーブルの合計,設備投資（大規模修繕・更新工事など）の費用の合計,高,M014,顧客の経理部門（固定資産）
会計財務データ,不動産契約・リース,会計システム（ERP）,顧客 経理部門,システム,買掛・支払明細,5,支払品目,賃貸借契約で支払う費目（賃料・共益費など）,中,M004,顧客の経理・不動産部門、貸主
会計財務データ,支払,会計システム（ERP）,顧客 経理部門,システム,買掛・支払明細,10,貸主あたりの請求金額,貸主（大家）ごとの請求額,中,M006,貸主、顧客の経理部門
会計財務データ,不動産コスト・収入,会計システム（ERP）,顧客 経理部門,システム,買掛・支払明細,23,支払品目から取り込まれたリース不動産コスト,借りている物件にかかる費用（賃料など）,中,M024,顧客の経理・不動産部門
会計財務データ,不動産コスト・収入,会計システム（ERP）,顧客 経理部門,システム,買掛・支払明細,27,支払品目から取り込まれた不動産コスト,不動産にかかる費用の合計（借りている物件・所有する物件）,中,M026,顧客の経理・不動産部門
会計財務データ,不動産コスト・収入,会計システム（ERP）,顧客 経理部門,システム,買掛・支払明細,29,支払品目から取り込まれた不動産リース・コスト,借りている物件の賃料などの費用,中,M027,顧客の経理・不動産部門
会計財務データ,支払,会計システム（ERP）,顧客 経理部門,システム,買掛・支払明細,85,未処理売掛金 = 支払品目 (期日が今日以前で、かつ支払われた日付が NULL),支払期限を過ぎたのに、まだ支払っていない賃料など,高,M008,顧客の経理部門
会計財務データ,不動産コスト・収入（推定）,会計システム（ERP）,顧客 経理部門,システム,買掛・支払明細,132,面積あたりのコスト = 合計不動産コスト: 支払品目から取り込まれた不動産コスト (時間でフィルタリングされたもの) / 不動産契約: 合計賃貸可能面積,契約面積 1㎡ あたりの不動産費用,中,M117,顧客の経理・不動産部門
会計財務データ,財務サマリー（推定）,会計システム（ERP）,顧客 経理部門,システム,費目別集計・管理費明細,20,財務サマリー・オブジェクトは運用コストのサマリー・データを提供します,建物の運用コスト（保守・清掃・光熱費など）の集計,中,M021 M022 M023 M063 M113,顧客の経理部門（ERP）
会計財務データ,財務サマリー,会計システム（ERP）,顧客 経理部門,システム,費目別集計・管理費明細,70,「運用」コストのみでフィルタリングされた財務サマリー・テーブルの合計。 これには、作業場に関係するすべての運用コスト値 (移動、ユーティリティー、保全、地面、メンテナンスなど) が含まれます。,オフィス・施設の運営にかかる費用の合計（光熱費・清掃・保守・引越しなど）,高,M111 M124,顧客の経理部門（ERP）
会計財務データ,財務サマリー（推定）,会計システム（ERP）,顧客 経理部門,システム,費目別集計・管理費明細,72,財務サマリー・オブジェクトは運用コスト合計のサマリー・データを提供します,建物の運用コストの合計,中,M075 M114 M115,顧客の経理部門（ERP）
会計財務データ,財務サマリー（推定）,会計システム（ERP）,顧客 経理部門,システム,費目別集計・管理費明細,114,財務サマリー・オブジェクトは運用コスト合計のサマリー・データを提供します。,建物の運用コストの予算・実績・今後の見込み,中,M076,顧客の経理部門（ERP）
会計財務データ,不動産契約・リース,会計システム（ERP）,顧客 経理部門,システム,銀行振込記録,7,支払日,賃料などを実際に支払った日,高,M004,顧客の経理部門
会計財務データ,支払,会計システム（ERP）,顧客 経理部門,システム,銀行振込記録,15,支払日,賃料などを実際に支払った日,高,M008,顧客の経理部門
会計財務データ,資産価値（CRV）,修繕計画・設備評価資料,顧客 施設部門,紙・Excel,エンジニアリングレポート,19,建設システム項目 (建設システムごとの現在の再取得価額 (CRV)),建物の設備・部位（空調・屋根など）ごとに、今つくり直したらいくらかかるか,高,M018,顧客の施設部門、建築コンサル・積算事務所
会計財務データ,資産価値（CRV）,修繕計画・設備評価資料,顧客 施設部門,紙・Excel,エンジニアリングレポート,90,「建物の状態アセスメント (Building Condition Assessment)」タブには、建物ごとの現在の再取得価額が保持されています (CRV = 総面積 * 面積あたりのコスト)。,建物を今つくり直したらいくらかかるか（建物ごと）,中,M014 M018 M055,顧客の施設部門、建築コンサル・積算事務所
会計財務データ,資産価値（CRV）,修繕計画・設備評価資料,顧客 施設部門,紙・Excel,中長期修繕計画書,19,建設システム項目 (建設システムごとの現在の再取得価額 (CRV)),建物の設備・部位（空調・屋根など）ごとに、今つくり直したらいくらかかるか,高,M018,顧客の施設部門、建築コンサル・積算事務所
会計財務データ,資産価値（CRV）,修繕計画・設備評価資料,顧客 施設部門,紙・Excel,劣化診断報告書,90,「建物の状態アセスメント (Building Condition Assessment)」タブには、建物ごとの現在の再取得価額が保持されています (CRV = 総面積 * 面積あたりのコスト)。,建物を今つくり直したらいくらかかるか（建物ごと）,中,M014 M018 M055,顧客の施設部門、建築コンサル・積算事務所
会計財務データ,資産価値（CRV）（推定）,修繕計画・設備評価資料,顧客 施設部門,紙・Excel,劣化診断報告書,93,欠陥の合計コスト = 「優先順位」がレベル 1 であり、「状況」が「リタイア済み」または「完了」ではない欠陥の合計コスト。,急いで直すべき不具合（優先度が最も高いもの）の修繕費の合計,中,M018,顧客の施設部門、FM業者（点検・劣化診断を受託している場合）
会計財務データ,資産価値（CRV）,修繕計画・設備評価資料,顧客 施設部門,紙・Excel,設備台帳（再調達価格）,19,建設システム項目 (建設システムごとの現在の再取得価額 (CRV)),建物の設備・部位（空調・屋根など）ごとに、今つくり直したらいくらかかるか,高,M018,顧客の施設部門、建築コンサル・積算事務所
会計財務データ,不動産コスト・収入,受領した請求書・証憑（紙／PDF）,顧客 経理部門,紙・Excel,保険証券,25,支払品目から取り込まれた所有物件不動産コスト,自社で所有する物件にかかる費用（減価償却・固定資産税・保険など）,高,M025,顧客の経理部門（固定資産・税務）
会計財務データ,財務サマリー,受領した請求書・証憑（紙／PDF）,顧客 経理部門,紙・Excel,光熱水費の請求書,74,「コスト・タイプ」が「公共料金」でフィルタリングされた財務サマリー・テーブルの合計。,電気・ガス・水道代の合計,中,M116,顧客の経理部門、電力・ガス・水道会社
会計財務データ,財務サマリー,受領した請求書・証憑（紙／PDF）,顧客 経理部門,紙・Excel,光熱水費の請求書,102,「サービス・タイプ」 = 「メンテナンス」でフィルタリングされた財務サマリー・テーブルの合計。 これには、公共料金、保全、および地面などのすべてのメンテナンス関連コストの値が含まれます。,建物の維持にかかる費用の合計（光熱費・修繕・外構など）,中,M055,顧客の経理部門（ERP）、FM業者自身（自社請負分）
会計財務データ,財務サマリー,受領した請求書・証憑（紙／PDF）,顧客 経理部門,紙・Excel,光熱水費の請求書,105,「コスト・タイプ」 = 「メンテナンス」でフィルタリングされた財務サマリー・テーブルの合計。 これには、公共料金、保全、地面などのすべてのメンテナンス関連コストの値が含まれます。,建物の維持にかかる費用の合計（光熱費・修繕・外構など）,中,M059,顧客の経理部門（ERP）、FM業者自身（自社請負分）
会計財務データ,財務サマリー,受領した請求書・証憑（紙／PDF）,顧客 経理部門,紙・Excel,光熱水費の請求書,106,「サービス・タイプ」 = 「メンテナンス」でフィルタリングされた財務サマリー・テーブルの合計。 これには、公共料金、保全、地面などのすべてのメンテナンス関連コストの値が含まれます。,建物の維持にかかる費用の合計（光熱費・修繕・外構など）,中,M060,顧客の経理部門（ERP）、FM業者自身（自社請負分）
会計財務データ,不動産コスト・収入,受領した請求書・証憑（紙／PDF）,顧客 経理部門,紙・Excel,固定資産税の納税通知,25,支払品目から取り込まれた所有物件不動産コスト,自社で所有する物件にかかる費用（減価償却・固定資産税・保険など）,高,M025,顧客の経理部門（固定資産・税務）
会計財務データ,移動（MAC）,受領した請求書・証憑（紙／PDF）,顧客 経理部門,紙・Excel,引越しの見積書・請求書,46,移動プロジェクトの実コスト,引越し・席替えに実際にかかった費用,中,M064,顧客の総務部門、引越業者
会計財務データ,財務サマリー,受領した請求書・証憑（紙／PDF）,顧客 経理部門,紙・Excel,警備委託の請求書,68,「サービス・タイプ」が「セキュリティー関連備品」でフィルタリングされた財務サマリー・テーブルの合計。,警備・防犯にかかる費用の合計,中,M100,顧客の経理・総務部門、警備会社
会計財務データ,不動産契約・リース,受領した請求書・証憑（紙／PDF）,顧客 経理部門,紙・Excel,貸主からの請求書,6,期限,賃料などの支払期限,中,M004,顧客の経理・不動産部門、貸主
会計財務データ,支払,受領した請求書・証憑（紙／PDF）,顧客 経理部門,紙・Excel,貸主からの請求書,10,貸主あたりの請求金額,貸主（大家）ごとの請求額,中,M006,貸主、顧客の経理部門
会計財務データ,支払,受領した請求書・証憑（紙／PDF）,顧客 経理部門,紙・Excel,貸主からの請求書,14,支払期日,賃料などの支払期限,中,M008,顧客の経理部門、貸主
会計財務データ,資本プロジェクト（工事）（推定）,工事管理資料（施工会社・CM会社）,施工会社・CM会社,紙・Excel,月次報告書,119,予算超過プロジェクト =「最終予測」>「現在の予算」,最終的な見込み額が予算を超えている工事,中,M084,顧客の施設・不動産部門（プロジェクト責任者）、CM会社
会計財務データ,財務サマリー,座席・レイアウト資料（Excel／CAD／紙）,顧客 総務部門,紙・Excel,セキュリティ機器の保守契約,68,「サービス・タイプ」が「セキュリティー関連備品」でフィルタリングされた財務サマリー・テーブルの合計。,警備・防犯にかかる費用の合計,中,M100,顧客の経理・総務部門、警備会社
会計財務データ,移動（MAC）,座席・レイアウト資料（Excel／CAD／紙）,顧客 総務部門,紙・Excel,移転プロジェクトの予算実績表,46,移動プロジェクトの実コスト,引越し・席替えに実際にかかった費用,中,M064,顧客の総務部門、引越業者
会計財務データ,支払,照合記録・監査調書,顧客 内部監査部門,紙・Excel,監査調書,11,支払差額,請求された額と契約上の額の差（払いすぎ・払い漏れ）,高,M006,顧客の経理・内部監査部門（またはリース監査を受託するコンサル）
会計財務データ,支払,照合記録・監査調書,顧客 内部監査部門,紙・Excel,請求額と契約額の照合記録,11,支払差額,請求された額と契約上の額の差（払いすぎ・払い漏れ）,高,M006,顧客の経理・内部監査部門（またはリース監査を受託するコンサル）
会計財務データ,資産価値（CRV）,竣工図書・面積資料（CAD／紙）,建物所有者（顧客 不動産部門）,紙・Excel,面積表,90,「建物の状態アセスメント (Building Condition Assessment)」タブには、建物ごとの現在の再取得価額が保持されています (CRV = 総面積 * 面積あたりのコスト)。,建物を今つくり直したらいくらかかるか（建物ごと）,中,M014 M018 M055,顧客の施設部門、建築コンサル・積算事務所
会計財務データ,不動産プロジェクト（推定）,経営計画資料,顧客 経営企画部門,紙・Excel,不動産戦略計画書,103,合計削減目標 = 年間節減額 + その他の年間節減額 + 生産性節減額 + 現金収入,不動産戦略で目標にしている削減額,高,M057,顧客の経営企画・不動産戦略部門
会計財務データ,不動産プロジェクト（推定）,経営計画資料,顧客 経営企画部門,紙・Excel,拠点再編計画,103,合計削減目標 = 年間節減額 + その他の年間節減額 + 生産性節減額 + 現金収入,不動産戦略で目標にしている削減額,高,M057,顧客の経営企画・不動産戦略部門
会計財務データ,不動産プロジェクト（推定）,経営計画資料,顧客 経営企画部門,紙・Excel,拠点再編計画,104,完了トランザクションからの合計削減 = 合計年間節減額 + 生産性節減額 + 現金収入,不動産戦略で実際に実現できた削減額,高,M057,顧客の不動産部門・経理部門
会計財務データ,財務サマリー,見積・請求管理,FM業者（営業・経理）,システム,作業実績・請求明細,97,「コスト・タイプ」 = 「保全」でフィルタリングされた財務サマリー・テーブルの合計,修繕・保守にかかった費用の合計,中,M029,顧客の経理部門（ERP）、FM業者自身（自社請負分）
会計財務データ,財務サマリー,見積・請求管理,FM業者（営業・経理）,システム,作業実績・請求明細,102,「サービス・タイプ」 = 「メンテナンス」でフィルタリングされた財務サマリー・テーブルの合計。 これには、公共料金、保全、および地面などのすべてのメンテナンス関連コストの値が含まれます。,建物の維持にかかる費用の合計（光熱費・修繕・外構など）,中,M055,顧客の経理部門（ERP）、FM業者自身（自社請負分）
会計財務データ,財務サマリー,見積・請求管理,FM業者（営業・経理）,システム,作業実績・請求明細,105,「コスト・タイプ」 = 「メンテナンス」でフィルタリングされた財務サマリー・テーブルの合計。 これには、公共料金、保全、地面などのすべてのメンテナンス関連コストの値が含まれます。,建物の維持にかかる費用の合計（光熱費・修繕・外構など）,中,M059,顧客の経理部門（ERP）、FM業者自身（自社請負分）
会計財務データ,財務サマリー,見積・請求管理,FM業者（営業・経理）,システム,作業実績・請求明細,106,「サービス・タイプ」 = 「メンテナンス」でフィルタリングされた財務サマリー・テーブルの合計。 これには、公共料金、保全、地面などのすべてのメンテナンス関連コストの値が含まれます。,建物の維持にかかる費用の合計（光熱費・修繕・外構など）,中,M060,顧客の経理部門（ERP）、FM業者自身（自社請負分）
会計財務データ,資産価値（CRV）（推定）,見積・請求管理,FM業者（営業・経理）,システム,見積書,93,欠陥の合計コスト = 「優先順位」がレベル 1 であり、「状況」が「リタイア済み」または「完了」ではない欠陥の合計コスト。,急いで直すべき不具合（優先度が最も高いもの）の修繕費の合計,中,M018,顧客の施設部門、FM業者（点検・劣化診断を受託している場合）
会計財務データ,不動産契約・リース,賃貸借契約・物件台帳（Excel／紙）,顧客 不動産部門,紙・Excel,賃貸借契約書,5,支払品目,賃貸借契約で支払う費目（賃料・共益費など）,中,M004,顧客の経理・不動産部門、貸主
会計財務データ,不動産契約・リース,賃貸借契約・物件台帳（Excel／紙）,顧客 不動産部門,紙・Excel,賃貸借契約書,6,期限,賃料などの支払期限,中,M004,顧客の経理・不動産部門、貸主
会計財務データ,支払,賃貸借契約・物件台帳（Excel／紙）,顧客 不動産部門,紙・Excel,賃貸借契約書,14,支払期日,賃料などの支払期限,中,M008,顧客の経理部門、貸主
会計財務データ,不動産コスト・収入（推定）,賃貸借契約・物件台帳（Excel／紙）,顧客 不動産部門,紙・Excel,賃貸借契約書,132,面積あたりのコスト = 合計不動産コスト: 支払品目から取り込まれた不動産コスト (時間でフィルタリングされたもの) / 不動産契約: 合計賃貸可能面積,契約面積 1㎡ あたりの不動産費用,中,M117,顧客の経理・不動産部門
会計財務データ,不動産コスト・収入,賃貸管理（レントロール）,PM会社,システム,レントロール,42,所有物件不動産収入,自社で所有する物件を他社に貸して得ている賃料収入,中,M058,顧客の経理部門、PM（プロパティマネジメント）会社
人事総務データ,移動（MAC）,人事システム,顧客 人事部門,システム,人事異動記録,17,期間ごとの、移動した人物の数 (入出ログより),期間中に席や拠点を移動した人の数,中,M017,顧客の人事・総務部門、引越業者、入退館システム管理者
人事総務データ,不動産契約・リース,人事システム,顧客 人事部門,システム,在籍者名簿,13,合計人数,施設を利用する人数,中,M007,顧客の総務・人事部門
人事総務データ,作業者（人）,人事システム,顧客 人事部門,システム,在籍者名簿,18,スペースに割り当てられている人物の数,席や部屋に割り当てられている人の数,中,M017,顧客の総務部門
人事総務データ,作業者（人）,人事システム,顧客 人事部門,システム,在籍者名簿,22,建物のスペース、フロア、または建物に割り当てられた人。,建物・フロア・席に割り当てられている人,中,M022,顧客の総務部門
人事総務データ,不動産契約・リース,人事システム,顧客 人事部門,システム,在籍者名簿,28,合計人数,施設を利用する人数,中,M026 M098 M099,顧客の総務・人事部門
人事総務データ,作業者（人）,人事システム,顧客 人事部門,システム,在籍者名簿,33,建物内で (スペース、フロア、または建物に) 割り当てられたすべての人物,建物の中の席や部屋に割り当てられている人の数,中,M031,顧客の総務部門
人事総務データ,作業者（人）,人事システム,顧客 人事部門,システム,在籍者名簿,73,スペースに割り当てられる人。,席や部屋に割り当てられている人,中,M114,顧客の総務部門
人事総務データ,作業者（人）,人事システム,顧客 人事部門,システム,在籍者名簿,82,建物内で割り当てられているすべての人,建物の中の席や部屋に割り当てられている人の数,中,M123,顧客の総務部門
人事総務データ,作業者（人）（推定）,人事システム,顧客 人事部門,システム,在籍者名簿,109,フリーアドレス作業者は、従業員レコードの「割り当てタイプ」フィールドで判別されます。 割り当てタイプ・オプション = 割り当て済み、携帯電話、非オフィス・ワーカー (Non-Office Worker)、およびリモート。,固定席を持たない人（フリーアドレス・リモート勤務など）,中,M062,顧客の人事・総務部門
人事総務データ,移動（MAC）,入退館システム,顧客 総務部門（入退館システム管理者）,システム,入退館ログ,17,期間ごとの、移動した人物の数 (入出ログより),期間中に席や拠点を移動した人の数,中,M017,顧客の人事・総務部門、引越業者、入退館システム管理者
人事総務データ,移動（MAC）（推定）,座席・レイアウト資料（Excel／CAD／紙）,顧客 総務部門,紙・Excel,MAC管理台帳・レイアウト変更申請,48,データは施設プロジェクト・オブジェクト (MAC タイプのプロジェクトに使用される) から取得されます。,引越し・レイアウト変更の申請と作業の記録,中,M064,顧客の総務部門、FM業者
人事総務データ,作業者（人）,座席・レイアウト資料（Excel／CAD／紙）,顧客 総務部門,紙・Excel,フロアレイアウト図,18,スペースに割り当てられている人物の数,席や部屋に割り当てられている人の数,中,M017,顧客の総務部門
人事総務データ,作業者（人）,座席・レイアウト資料（Excel／CAD／紙）,顧客 総務部門,紙・Excel,フロアレイアウト図,22,建物のスペース、フロア、または建物に割り当てられた人。,建物・フロア・席に割り当てられている人,中,M022,顧客の総務部門
人事総務データ,不動産契約・リース,座席・レイアウト資料（Excel／CAD／紙）,顧客 総務部門,紙・Excel,フロアレイアウト図,30,合計席数,施設にある席の数,低,M027 M098 M099,顧客の総務部門、FM業者（レイアウト管理を受託している場合）
人事総務データ,作業者（人）,座席・レイアウト資料（Excel／CAD／紙）,顧客 総務部門,紙・Excel,フロアレイアウト図,33,建物内で (スペース、フロア、または建物に) 割り当てられたすべての人物,建物の中の席や部屋に割り当てられている人の数,中,M031,顧客の総務部門
人事総務データ,面積・スペース,座席・レイアウト資料（Excel／CAD／紙）,顧客 総務部門,紙・Excel,フロアレイアウト図,98,スペースのキャパシティー (「作業ポイント」 = TRUE でフィルタリング),席（仕事ができる場所）の数,低,M032,顧客の総務部門、FM業者（レイアウト管理を受託している場合）
人事総務データ,面積・スペース,座席・レイアウト資料（Excel／CAD／紙）,顧客 総務部門,紙・Excel,フロアレイアウト図,133,全体的なスペース・キャパシティー (「作業ポイント」=「TRUE」でフィルタリング),席（仕事ができる場所）の数の合計,低,M123 M125,顧客の総務部門、FM業者（レイアウト管理を受託している場合）
人事総務データ,不動産契約・リース,座席・レイアウト資料（Excel／CAD／紙）,顧客 総務部門,紙・Excel,什器台帳,30,合計席数,施設にある席の数,低,M027 M098 M099,顧客の総務部門、FM業者（レイアウト管理を受託している場合）
人事総務データ,面積・スペース,座席・レイアウト資料（Excel／CAD／紙）,顧客 総務部門,紙・Excel,什器台帳,98,スペースのキャパシティー (「作業ポイント」 = TRUE でフィルタリング),席（仕事ができる場所）の数,低,M032,顧客の総務部門、FM業者（レイアウト管理を受託している場合）
人事総務データ,面積・スペース,座席・レイアウト資料（Excel／CAD／紙）,顧客 総務部門,紙・Excel,什器台帳,133,全体的なスペース・キャパシティー (「作業ポイント」=「TRUE」でフィルタリング),席（仕事ができる場所）の数の合計,低,M123 M125,顧客の総務部門、FM業者（レイアウト管理を受託している場合）
人事総務データ,不動産契約・リース,座席・レイアウト資料（Excel／CAD／紙）,顧客 総務部門,紙・Excel,座席表,13,合計人数,施設を利用する人数,中,M007,顧客の総務・人事部門
人事総務データ,作業者（人）,座席・レイアウト資料（Excel／CAD／紙）,顧客 総務部門,紙・Excel,座席表,18,スペースに割り当てられている人物の数,席や部屋に割り当てられている人の数,中,M017,顧客の総務部門
人事総務データ,作業者（人）,座席・レイアウト資料（Excel／CAD／紙）,顧客 総務部門,紙・Excel,座席表,22,建物のスペース、フロア、または建物に割り当てられた人。,建物・フロア・席に割り当てられている人,中,M022,顧客の総務部門
人事総務データ,不動産契約・リース,座席・レイアウト資料（Excel／CAD／紙）,顧客 総務部門,紙・Excel,座席表,28,合計人数,施設を利用する人数,中,M026 M098 M099,顧客の総務・人事部門
人事総務データ,不動産契約・リース,座席・レイアウト資料（Excel／CAD／紙）,顧客 総務部門,紙・Excel,座席表,30,合計席数,施設にある席の数,低,M027 M098 M099,顧客の総務部門、FM業者（レイアウト管理を受託している場合）
人事総務データ,作業者（人）,座席・レイアウト資料（Excel／CAD／紙）,顧客 総務部門,紙・Excel,座席表,33,建物内で (スペース、フロア、または建物に) 割り当てられたすべての人物,建物の中の席や部屋に割り当てられている人の数,中,M031,顧客の総務部門
人事総務データ,面積・スペース,座席・レイアウト資料（Excel／CAD／紙）,顧客 総務部門,紙・Excel,座席表,54,組織に割り当てられているスペース,部署ごとに割り当てられている面積,中,M072,顧客の総務部門
人事総務データ,作業者（人）,座席・レイアウト資料（Excel／CAD／紙）,顧客 総務部門,紙・Excel,座席表,73,スペースに割り当てられる人。,席や部屋に割り当てられている人,中,M114,顧客の総務部門
人事総務データ,作業者（人）,座席・レイアウト資料（Excel／CAD／紙）,顧客 総務部門,紙・Excel,座席表,82,建物内で割り当てられているすべての人,建物の中の席や部屋に割り当てられている人の数,中,M123,顧客の総務部門
人事総務データ,面積・スペース,座席・レイアウト資料（Excel／CAD／紙）,顧客 総務部門,紙・Excel,座席表,84,組織に割り当てられているスペースのスペース・キャパシティー。,部署に割り当てられている席の数,中,M125,顧客の総務部門
人事総務データ,面積・スペース,座席・レイアウト資料（Excel／CAD／紙）,顧客 総務部門,紙・Excel,座席表,98,スペースのキャパシティー (「作業ポイント」 = TRUE でフィルタリング),席（仕事ができる場所）の数,低,M032,顧客の総務部門、FM業者（レイアウト管理を受託している場合）
人事総務データ,作業者（人）（推定）,座席・レイアウト資料（Excel／CAD／紙）,顧客 総務部門,紙・Excel,座席表,109,フリーアドレス作業者は、従業員レコードの「割り当てタイプ」フィールドで判別されます。 割り当てタイプ・オプション = 割り当て済み、携帯電話、非オフィス・ワーカー (Non-Office Worker)、およびリモート。,固定席を持たない人（フリーアドレス・リモート勤務など）,中,M062,顧客の人事・総務部門
人事総務データ,面積・スペース,座席・レイアウト資料（Excel／CAD／紙）,顧客 総務部門,紙・Excel,座席表,133,全体的なスペース・キャパシティー (「作業ポイント」=「TRUE」でフィルタリング),席（仕事ができる場所）の数の合計,低,M123 M125,顧客の総務部門、FM業者（レイアウト管理を受託している場合）
人事総務データ,面積・スペース,座席・レイアウト資料（Excel／CAD／紙）,顧客 総務部門,紙・Excel,部門別配置図・スペース割当表,54,組織に割り当てられているスペース,部署ごとに割り当てられている面積,中,M072,顧客の総務部門
人事総務データ,面積・スペース,座席・レイアウト資料（Excel／CAD／紙）,顧客 総務部門,紙・Excel,部門別配置図・スペース割当表,84,組織に割り当てられているスペースのスペース・キャパシティー。,部署に割り当てられている席の数,中,M125,顧客の総務部門
人事総務データ,移動（MAC）,引越し作業記録,引越業者,紙・Excel,引越し作業記録,17,期間ごとの、移動した人物の数 (入出ログより),期間中に席や拠点を移動した人の数,中,M017,顧客の人事・総務部門、引越業者、入退館システム管理者
人事総務データ,移動（MAC）,引越し作業記録,引越業者,紙・Excel,引越し品目リスト,47,移動された人物の移動プロジェクト品目数,引越し・席替えで移動した人の数,中,M064,引越業者、FM業者、顧客の総務部門
人事総務データ,移動（MAC）,引越し作業記録,引越業者,紙・Excel,移動対象者リスト,47,移動された人物の移動プロジェクト品目数,引越し・席替えで移動した人の数,中,M064,引越業者、FM業者、顧客の総務部門
不動産管理データ,不動産プロジェクト,TRIRIGA,顧客 不動産部門,システム,不動産トランザクション計画,125,計算上の収益週数 = (会計年の終了日 – 不動産プロジェクトの計算上の終了日) の合計,今の見込みで終わった場合、年度末までに効果が出る週の数,高,M096,顧客の不動産部門（TRIRIGAの不動産トランザクション計画）
不動産管理データ,不動産プロジェクト,TRIRIGA,顧客 不動産部門,システム,取引評価（シグマ・スコア）,16,総合シグマ・スコア,不動産の取引（移転・契約など）の出来を TRIRIGA で採点した点数,高,M009 M010,顧客の不動産部門（TRIRIGAの取引評価機能）
不動産管理データ,不動産プロジェクト,不動産プロジェクト記録（Excel／MS Project）,顧客 不動産部門（プロジェクト責任者）,紙・Excel,プロジェクト管理台帳,1,不動産プロジェクトの実終了日,不動産プロジェクト（移転・改装など）が実際に終わった日,中,M001 M003 M065,顧客の不動産・総務部門（プロジェクト責任者）、施工会社・CM会社
不動産管理データ,不動産プロジェクト（推定）,不動産プロジェクト記録（Excel／MS Project）,顧客 不動産部門（プロジェクト責任者）,紙・Excel,プロジェクト管理台帳,41,不動産プロジェクト (triREProject),不動産プロジェクト（移転・改装など）の一覧,中,M057,顧客の不動産部門
不動産管理データ,不動産プロジェクト,不動産プロジェクト記録（Excel／MS Project）,顧客 不動産部門（プロジェクト責任者）,紙・Excel,プロジェクト管理台帳,49,不動産プロジェクトの実開始日,不動産プロジェクト（移転・改装など）が実際に始まった日,中,M065,顧客の不動産・総務部門、施工会社
不動産管理データ,資本プロジェクト（工事）（推定）,不動産プロジェクト記録（Excel／MS Project）,顧客 不動産部門（プロジェクト責任者）,紙・Excel,プロジェクト管理台帳,122,オンタイムで完了したプロジェクト = 実終了日 < 計画上の終了日,予定日までに終わった工事,中,M089,顧客の不動産・総務部門、施工会社
不動産管理データ,不動産プロジェクト,不動産プロジェクト記録（Excel／MS Project）,顧客 不動産部門（プロジェクト責任者）,紙・Excel,プロジェクト管理台帳,124,計画上の収益週数 = (会計年の終了日 – 不動産プロジェクトの計画上の終了日) の合計,計画どおりに終わった場合、年度末までに効果が出る週の数,中,M096,顧客の不動産部門
不動産管理データ,不動産プロジェクト,不動産プロジェクト記録（Excel／MS Project）,顧客 不動産部門（プロジェクト責任者）,紙・Excel,工事請負契約書,2,不動産プロジェクトの計画上の終了日,不動産プロジェクト（移転・改装など）が終わる予定だった日,中,M001 M003,顧客の不動産・総務部門、施工会社・CM会社
不動産管理データ,資本プロジェクト（工事）（推定）,不動産プロジェクト記録（Excel／MS Project）,顧客 不動産部門（プロジェクト責任者）,紙・Excel,工事請負契約書,95,オンタイムに完了した契約 = 実際の終了日 (triFinalCompletionDA) < 計画上の終了日 (triContractEndDA),工期内に終わった工事契約,中,M020,顧客の施設・不動産部門、施工会社
不動産管理データ,不動産プロジェクト,不動産プロジェクト記録（Excel／MS Project）,顧客 不動産部門（プロジェクト責任者）,紙・Excel,工程表,1,不動産プロジェクトの実終了日,不動産プロジェクト（移転・改装など）が実際に終わった日,中,M001 M003 M065,顧客の不動産・総務部門（プロジェクト責任者）、施工会社・CM会社
不動産管理データ,不動産プロジェクト,不動産プロジェクト記録（Excel／MS Project）,顧客 不動産部門（プロジェクト責任者）,紙・Excel,工程表,2,不動産プロジェクトの計画上の終了日,不動産プロジェクト（移転・改装など）が終わる予定だった日,中,M001 M003,顧客の不動産・総務部門、施工会社・CM会社
不動産管理データ,不動産プロジェクト,不動産プロジェクト記録（Excel／MS Project）,顧客 不動産部門（プロジェクト責任者）,紙・Excel,工程表,49,不動産プロジェクトの実開始日,不動産プロジェクト（移転・改装など）が実際に始まった日,中,M065,顧客の不動産・総務部門、施工会社
不動産管理データ,資本プロジェクト（工事）（推定）,不動産プロジェクト記録（Excel／MS Project）,顧客 不動産部門（プロジェクト責任者）,紙・Excel,工程表,95,オンタイムに完了した契約 = 実際の終了日 (triFinalCompletionDA) < 計画上の終了日 (triContractEndDA),工期内に終わった工事契約,中,M020,顧客の施設・不動産部門、施工会社
不動産管理データ,資本プロジェクト（工事）（推定）,不動産プロジェクト記録（Excel／MS Project）,顧客 不動産部門（プロジェクト責任者）,紙・Excel,工程表,120,スケジュールを超えたまたは下回った日数 (差異) = 計画上の終了日 – 予想終了日。,工事の終了予定日と、今の見込みの終了日のずれ（日数）,中,M085 M090,顧客の不動産・総務部門、施工会社・CM会社
不動産管理データ,資本プロジェクト（工事）（推定）,不動産プロジェクト記録（Excel／MS Project）,顧客 不動産部門（プロジェクト責任者）,紙・Excel,工程表,122,オンタイムで完了したプロジェクト = 実終了日 < 計画上の終了日,予定日までに終わった工事,中,M089,顧客の不動産・総務部門、施工会社
不動産管理データ,不動産プロジェクト,不動産プロジェクト記録（Excel／MS Project）,顧客 不動産部門（プロジェクト責任者）,紙・Excel,着工届,49,不動産プロジェクトの実開始日,不動産プロジェクト（移転・改装など）が実際に始まった日,中,M065,顧客の不動産・総務部門、施工会社
不動産管理データ,不動産プロジェクト,不動産プロジェクト記録（Excel／MS Project）,顧客 不動産部門（プロジェクト責任者）,紙・Excel,稟議書,2,不動産プロジェクトの計画上の終了日,不動産プロジェクト（移転・改装など）が終わる予定だった日,中,M001 M003,顧客の不動産・総務部門、施工会社・CM会社
不動産管理データ,不動産プロジェクト（推定）,不動産プロジェクト記録（Excel／MS Project）,顧客 不動産部門（プロジェクト責任者）,紙・Excel,稟議書,41,不動産プロジェクト (triREProject),不動産プロジェクト（移転・改装など）の一覧,中,M057,顧客の不動産部門
不動産管理データ,不動産プロジェクト,不動産プロジェクト記録（Excel／MS Project）,顧客 不動産部門（プロジェクト責任者）,紙・Excel,竣工・引渡書類,1,不動産プロジェクトの実終了日,不動産プロジェクト（移転・改装など）が実際に終わった日,中,M001 M003 M065,顧客の不動産・総務部門（プロジェクト責任者）、施工会社・CM会社
不動産管理データ,資本プロジェクト（工事）（推定）,不動産プロジェクト記録（Excel／MS Project）,顧客 不動産部門（プロジェクト責任者）,紙・Excel,竣工・引渡書類,95,オンタイムに完了した契約 = 実際の終了日 (triFinalCompletionDA) < 計画上の終了日 (triContractEndDA),工期内に終わった工事契約,中,M020,顧客の施設・不動産部門、施工会社
不動産管理データ,資本プロジェクト（工事）（推定）,不動産プロジェクト記録（Excel／MS Project）,顧客 不動産部門（プロジェクト責任者）,紙・Excel,竣工・引渡書類,122,オンタイムで完了したプロジェクト = 実終了日 < 計画上の終了日,予定日までに終わった工事,中,M089,顧客の不動産・総務部門、施工会社
不動産管理データ,資本プロジェクト（工事）（推定）,不動産プロジェクト記録（Excel／MS Project）,顧客 不動産部門（プロジェクト責任者）,紙・Excel,設計図書・確認申請書,113,プロジェクト総建設面積およびプロジェクトの利用可能面積,新築工事でつくる建物の面積,中,M071,顧客の施設・不動産部門、設計事務所
不動産管理データ,資本プロジェクト（工事）（推定）,不動産プロジェクト記録（Excel／MS Project）,顧客 不動産部門（プロジェクト責任者）,紙・Excel,設計図書・確認申請書,123,プロジェクト総建設面積およびプロジェクトの利用可能面積。,改築工事の対象になる面積,中,M094,顧客の施設・不動産部門、設計事務所
不動産管理データ,不動産契約・リース,会計システム（ERP）,顧客 経理部門,システム,固定資産台帳,9,すべてのアクティブな不動産契約からの賃貸可能面積の合計 (所有物件 + リース),借りている物件と自社で所有する物件の面積の合計,中,M005,顧客の不動産部門・経理部門（固定資産）
不動産管理データ,所有物件,会計システム（ERP）,顧客 経理部門,システム,固定資産台帳,26,合計賃貸可能面積,自社で所有する物件の面積の合計,中,M025 M058,顧客の不動産部門・経理部門（固定資産）
不動産管理データ,スペース利用契約,会計システム（ERP）,顧客 経理部門,システム,部門別スペース賃料の配賦表（SUA）,65,SUA 賃貸可能面積,社内の部署に貸し出している（費用を割り振っている）面積,高,M091,顧客の不動産・経理部門
不動産管理データ,資本プロジェクト（工事）（推定）,工事管理資料（施工会社・CM会社）,施工会社・CM会社,紙・Excel,月次報告書,120,スケジュールを超えたまたは下回った日数 (差異) = 計画上の終了日 – 予想終了日。,工事の終了予定日と、今の見込みの終了日のずれ（日数）,中,M085 M090,顧客の不動産・総務部門、施工会社・CM会社
不動産管理データ,資本プロジェクト（工事）（推定）,工事管理資料（施工会社・CM会社）,施工会社・CM会社,紙・Excel,質疑応答書・RFI管理台帳,121,期限切れの情報要求 = 情報要求の対応期限日 < システム日付,工事中の質問（質疑）のうち、回答期限を過ぎたもの,中,M086,施工会社・CM会社、設計事務所
不動産管理データ,資本プロジェクト（工事）（推定）,工事管理資料（施工会社・CM会社）,施工会社・CM会社,紙・Excel,質疑応答書・RFI管理台帳,126,情報要求応答時間 = 情報要求クローズ日 – 情報要求作成日,工事中の質問（質疑）に回答するまでにかかった日数,中,M097,施工会社・CM会社、設計事務所
不動産管理データ,不動産契約・リース（推定）,座席・レイアウト資料（Excel／CAD／紙）,顧客 総務部門,紙・Excel,スペース利用状況の調査,77,空き合計,契約している物件のうち、使われていない面積,中,M117,顧客の不動産部門、PM会社
不動産管理データ,面積・スペース,座席・レイアウト資料（Excel／CAD／紙）,顧客 総務部門,紙・Excel,フロアレイアウト図,107,「予約可能」 = TRUE であるスペース・レコード,固定席のないエリア（フリーアドレス）の面積,中,M061,顧客の総務部門
不動産管理データ,面積・スペース,座席・レイアウト資料（Excel／CAD／紙）,顧客 総務部門,紙・Excel,フロアレイアウト図,108,「作業ポイント」 = TRUE であるスペース・レコード,仕事をする場所（席のあるエリア）の面積,中,M061,建物所有者・顧客の総務部門
不動産管理データ,面積・スペース,座席予約システム,顧客 総務部門,システム,座席予約データ,107,「予約可能」 = TRUE であるスペース・レコード,固定席のないエリア（フリーアドレス）の面積,中,M061,顧客の総務部門
不動産管理データ,面積・スペース,竣工図書・面積資料（CAD／紙）,建物所有者（顧客 不動産部門）,紙・Excel,CAD図面,32,ドリル・パスまたは対話式フィルターによってフィルタリング/グループ化された面積,フロアや部屋などの単位で区切った面積,中,M031,建物所有者・顧客の総務部門
不動産管理データ,面積・スペース,竣工図書・面積資料（CAD／紙）,建物所有者（顧客 不動産部門）,紙・Excel,CAD図面,34,ドリル・パスまたは対話式フィルターによってフィルタリングされた面積,建物・フロアなどの条件で絞り込んだ面積,中,M032,建物所有者・顧客の総務部門
不動産管理データ,面積・スペース,竣工図書・面積資料（CAD／紙）,建物所有者（顧客 不動産部門）,紙・Excel,CAD図面,108,「作業ポイント」 = TRUE であるスペース・レコード,仕事をする場所（席のあるエリア）の面積,中,M061,建物所有者・顧客の総務部門
不動産管理データ,面積・スペース（推定）,竣工図書・面積資料（CAD／紙）,建物所有者（顧客 不動産部門）,紙・Excel,CAD図面,131,面積: ドリル・パスまたは対話式フィルターによってフィルタリング/グループ化された面積,部屋の用途（執務室・会議室など）ごとの面積,中,M109,建物所有者・顧客の総務部門
不動産管理データ,面積・スペース,竣工図書・面積資料（CAD／紙）,建物所有者（顧客 不動産部門）,紙・Excel,竣工図面,21,建物の賃貸可能面積 (平方フィートまたは正方形)。 メートル),建物のうち貸せる（使える）床面積,低,M021,建物所有者・顧客の不動産部門
不動産管理データ,所有物件,竣工図書・面積資料（CAD／紙）,建物所有者（顧客 不動産部門）,紙・Excel,竣工図面,26,合計賃貸可能面積,自社で所有する物件の面積の合計,中,M025 M058,顧客の不動産部門・経理部門（固定資産）
不動産管理データ,面積・スペース,竣工図書・面積資料（CAD／紙）,建物所有者（顧客 不動産部門）,紙・Excel,竣工図面,31,建物の賃貸可能面積,建物のうち貸せる（使える）床面積,低,M029 M116,建物所有者・顧客の不動産部門
不動産管理データ,面積・スペース,竣工図書・面積資料（CAD／紙）,建物所有者（顧客 不動産部門）,紙・Excel,竣工図面,43,建物の賃貸可能面積,施設の床面積の合計,低,M059,建物所有者・顧客の不動産部門
不動産管理データ,面積・スペース,竣工図書・面積資料（CAD／紙）,建物所有者（顧客 不動産部門）,紙・Excel,竣工図面,45,建物の賃貸可能面積 (平方フィートまたは平方メートル),建物のうち貸せる（使える）床面積,低,M063 M113,建物所有者・顧客の不動産部門
不動産管理データ,面積・スペース,竣工図書・面積資料（CAD／紙）,建物所有者（顧客 不動産部門）,紙・Excel,竣工図面,55,建物内部の合計スペース,建物の中で使える面積の合計,低,M072,建物所有者・顧客の不動産部門
不動産管理データ,面積・スペース（推定）,竣工図書・面積資料（CAD／紙）,建物所有者（顧客 不動産部門）,紙・Excel,竣工図面,96,ファクト・テーブルでは、総面積と利用可能面積の値も取り込みます。,建物の延床面積と、実際に使える面積,低,M021 M063 M113,建物所有者・顧客の不動産部門
不動産管理データ,不動産契約・リース,竣工図書・面積資料（CAD／紙）,建物所有者（顧客 不動産部門）,紙・Excel,面積表,9,すべてのアクティブな不動産契約からの賃貸可能面積の合計 (所有物件 + リース),借りている物件と自社で所有する物件の面積の合計,中,M005,顧客の不動産部門・経理部門（固定資産）
不動産管理データ,面積・スペース,竣工図書・面積資料（CAD／紙）,建物所有者（顧客 不動産部門）,紙・Excel,面積表,21,建物の賃貸可能面積 (平方フィートまたは正方形)。 メートル),建物のうち貸せる（使える）床面積,低,M021,建物所有者・顧客の不動産部門
不動産管理データ,面積・スペース,竣工図書・面積資料（CAD／紙）,建物所有者（顧客 不動産部門）,紙・Excel,面積表,31,建物の賃貸可能面積,建物のうち貸せる（使える）床面積,低,M029 M116,建物所有者・顧客の不動産部門
不動産管理データ,面積・スペース,竣工図書・面積資料（CAD／紙）,建物所有者（顧客 不動産部門）,紙・Excel,面積表,32,ドリル・パスまたは対話式フィルターによってフィルタリング/グループ化された面積,フロアや部屋などの単位で区切った面積,中,M031,建物所有者・顧客の総務部門
不動産管理データ,面積・スペース,竣工図書・面積資料（CAD／紙）,建物所有者（顧客 不動産部門）,紙・Excel,面積表,34,ドリル・パスまたは対話式フィルターによってフィルタリングされた面積,建物・フロアなどの条件で絞り込んだ面積,中,M032,建物所有者・顧客の総務部門
不動産管理データ,面積・スペース,竣工図書・面積資料（CAD／紙）,建物所有者（顧客 不動産部門）,紙・Excel,面積表,43,建物の賃貸可能面積,施設の床面積の合計,低,M059,建物所有者・顧客の不動産部門
不動産管理データ,面積・スペース,竣工図書・面積資料（CAD／紙）,建物所有者（顧客 不動産部門）,紙・Excel,面積表,45,建物の賃貸可能面積 (平方フィートまたは平方メートル),建物のうち貸せる（使える）床面積,低,M063 M113,建物所有者・顧客の不動産部門
不動産管理データ,面積・スペース,竣工図書・面積資料（CAD／紙）,建物所有者（顧客 不動産部門）,紙・Excel,面積表,55,建物内部の合計スペース,建物の中で使える面積の合計,低,M072,建物所有者・顧客の不動産部門
不動産管理データ,面積・スペース（推定）,竣工図書・面積資料（CAD／紙）,建物所有者（顧客 不動産部門）,紙・Excel,面積表,96,ファクト・テーブルでは、総面積と利用可能面積の値も取り込みます。,建物の延床面積と、実際に使える面積,低,M021 M063 M113,建物所有者・顧客の不動産部門
不動産管理データ,面積・スペース,竣工図書・面積資料（CAD／紙）,建物所有者（顧客 不動産部門）,紙・Excel,面積表,107,「予約可能」 = TRUE であるスペース・レコード,固定席のないエリア（フリーアドレス）の面積,中,M061,顧客の総務部門
不動産管理データ,面積・スペース,竣工図書・面積資料（CAD／紙）,建物所有者（顧客 不動産部門）,紙・Excel,面積表,108,「作業ポイント」 = TRUE であるスペース・レコード,仕事をする場所（席のあるエリア）の面積,中,M061,建物所有者・顧客の総務部門
不動産管理データ,面積・スペース（推定）,竣工図書・面積資料（CAD／紙）,建物所有者（顧客 不動産部門）,紙・Excel,面積表,131,面積: ドリル・パスまたは対話式フィルターによってフィルタリング/グループ化された面積,部屋の用途（執務室・会議室など）ごとの面積,中,M109,建物所有者・顧客の総務部門
不動産管理データ,不動産プロジェクト（推定）,経営計画資料,顧客 経営企画部門,紙・Excel,不動産戦略計画書,40,履行計画,不動産戦略（拠点の統廃合など）の実行計画,高,M057,顧客の経営企画・不動産戦略部門
不動産管理データ,不動産プロジェクト,経営計画資料,顧客 経営企画部門,紙・Excel,不動産戦略計画書,124,計画上の収益週数 = (会計年の終了日 – 不動産プロジェクトの計画上の終了日) の合計,計画どおりに終わった場合、年度末までに効果が出る週の数,中,M096,顧客の不動産部門
不動産管理データ,不動産プロジェクト（推定）,経営計画資料,顧客 経営企画部門,紙・Excel,中期経営計画,40,履行計画,不動産戦略（拠点の統廃合など）の実行計画,高,M057,顧客の経営企画・不動産戦略部門
不動産管理データ,不動産プロジェクト（推定）,経営計画資料,顧客 経営企画部門,紙・Excel,拠点再編計画,40,履行計画,不動産戦略（拠点の統廃合など）の実行計画,高,M057,顧客の経営企画・不動産戦略部門
不動産管理データ,不動産契約・リース,賃貸借契約・物件台帳（Excel／紙）,顧客 不動産部門,紙・Excel,登記簿,9,すべてのアクティブな不動産契約からの賃貸可能面積の合計 (所有物件 + リース),借りている物件と自社で所有する物件の面積の合計,中,M005,顧客の不動産部門・経理部門（固定資産）
不動産管理データ,所有物件,賃貸借契約・物件台帳（Excel／紙）,顧客 不動産部門,紙・Excel,登記簿,26,合計賃貸可能面積,自社で所有する物件の面積の合計,中,M025 M058,顧客の不動産部門・経理部門（固定資産）
不動産管理データ,不動産契約・リース,賃貸借契約・物件台帳（Excel／紙）,顧客 不動産部門,紙・Excel,賃借物件台帳,8,不動産リースからの賃貸可能面積の合計,借りている物件の契約面積の合計,中,M005,顧客の不動産部門、貸主
不動産管理データ,不動産契約・リース,賃貸借契約・物件台帳（Excel／紙）,顧客 不動産部門,紙・Excel,賃借物件台帳,9,すべてのアクティブな不動産契約からの賃貸可能面積の合計 (所有物件 + リース),借りている物件と自社で所有する物件の面積の合計,中,M005,顧客の不動産部門・経理部門（固定資産）
不動産管理データ,不動産契約・リース,賃貸借契約・物件台帳（Excel／紙）,顧客 不動産部門,紙・Excel,賃借物件台帳,12,合計賃貸可能面積,不動産契約ごとの契約面積の合計,中,M007,顧客の不動産部門、貸主
不動産管理データ,不動産契約・リース,賃貸借契約・物件台帳（Excel／紙）,顧客 不動産部門,紙・Excel,賃借物件台帳,24,合計賃貸可能面積,借りている物件の契約面積の合計,中,M024,顧客の不動産部門、貸主
不動産管理データ,スペース利用契約,賃貸借契約・物件台帳（Excel／紙）,顧客 不動産部門,紙・Excel,賃借物件台帳,66,不動産契約:,不動産契約の情報（下の行をまとめる見出し）,中,M091,顧客の不動産部門（※見出し行。67の親項目）
不動産管理データ,スペース利用契約,賃貸借契約・物件台帳（Excel／紙）,顧客 不動産部門,紙・Excel,賃借物件台帳,67,合計賃貸可能面積,社内の部署への貸し出しの元になる契約面積,中,M091,顧客の不動産部門、貸主
不動産管理データ,不動産契約・リース（推定）,賃貸借契約・物件台帳（Excel／紙）,顧客 不動産部門,紙・Excel,賃借物件台帳,75,不動産契約:,不動産契約の情報（下の2行をまとめる見出し）,中,M117,顧客の不動産部門（※見出し行。76・77の親項目）
不動産管理データ,不動産契約・リース（推定）,賃貸借契約・物件台帳（Excel／紙）,顧客 不動産部門,紙・Excel,賃借物件台帳,76,合計賃貸可能面積,契約している物件の面積の合計,中,M117,顧客の不動産部門、貸主
不動産管理データ,不動産契約・リース,賃貸借契約・物件台帳（Excel／紙）,顧客 不動産部門,紙・Excel,賃借物件台帳,79,合計賃貸可能面積,契約している物件の面積の合計,中,M118,顧客の不動産部門、貸主
不動産管理データ,不動産契約・リース,賃貸借契約・物件台帳（Excel／紙）,顧客 不動産部門,紙・Excel,賃貸借契約書,8,不動産リースからの賃貸可能面積の合計,借りている物件の契約面積の合計,中,M005,顧客の不動産部門、貸主
不動産管理データ,不動産契約・リース,賃貸借契約・物件台帳（Excel／紙）,顧客 不動産部門,紙・Excel,賃貸借契約書,12,合計賃貸可能面積,不動産契約ごとの契約面積の合計,中,M007,顧客の不動産部門、貸主
不動産管理データ,面積・スペース,賃貸借契約・物件台帳（Excel／紙）,顧客 不動産部門,紙・Excel,賃貸借契約書,21,建物の賃貸可能面積 (平方フィートまたは正方形)。 メートル),建物のうち貸せる（使える）床面積,低,M021,建物所有者・顧客の不動産部門
不動産管理データ,不動産契約・リース,賃貸借契約・物件台帳（Excel／紙）,顧客 不動産部門,紙・Excel,賃貸借契約書,24,合計賃貸可能面積,借りている物件の契約面積の合計,中,M024,顧客の不動産部門、貸主
不動産管理データ,面積・スペース,賃貸借契約・物件台帳（Excel／紙）,顧客 不動産部門,紙・Excel,賃貸借契約書,31,建物の賃貸可能面積,建物のうち貸せる（使える）床面積,低,M029 M116,建物所有者・顧客の不動産部門
不動産管理データ,面積・スペース,賃貸借契約・物件台帳（Excel／紙）,顧客 不動産部門,紙・Excel,賃貸借契約書,45,建物の賃貸可能面積 (平方フィートまたは平方メートル),建物のうち貸せる（使える）床面積,低,M063 M113,建物所有者・顧客の不動産部門
不動産管理データ,スペース利用契約,賃貸借契約・物件台帳（Excel／紙）,顧客 不動産部門,紙・Excel,賃貸借契約書,66,不動産契約:,不動産契約の情報（下の行をまとめる見出し）,中,M091,顧客の不動産部門（※見出し行。67の親項目）
不動産管理データ,スペース利用契約,賃貸借契約・物件台帳（Excel／紙）,顧客 不動産部門,紙・Excel,賃貸借契約書,67,合計賃貸可能面積,社内の部署への貸し出しの元になる契約面積,中,M091,顧客の不動産部門、貸主
不動産管理データ,不動産契約・リース（推定）,賃貸借契約・物件台帳（Excel／紙）,顧客 不動産部門,紙・Excel,賃貸借契約書,75,不動産契約:,不動産契約の情報（下の2行をまとめる見出し）,中,M117,顧客の不動産部門（※見出し行。76・77の親項目）
不動産管理データ,不動産契約・リース（推定）,賃貸借契約・物件台帳（Excel／紙）,顧客 不動産部門,紙・Excel,賃貸借契約書,76,合計賃貸可能面積,契約している物件の面積の合計,中,M117,顧客の不動産部門、貸主
不動産管理データ,不動産契約・リース,賃貸借契約・物件台帳（Excel／紙）,顧客 不動産部門,紙・Excel,賃貸借契約書,79,合計賃貸可能面積,契約している物件の面積の合計,中,M118,顧客の不動産部門、貸主
不動産管理データ,不動産契約・リース（推定）,賃貸管理（レントロール）,PM会社,システム,レントロール,77,空き合計,契約している物件のうち、使われていない面積,中,M117,顧客の不動産部門、PM会社
不動産管理データ,不動産契約・リース,賃貸管理（レントロール）,PM会社,システム,レントロール,78,空き面積合計,契約している物件のうち、使われていない面積,中,M118,顧客の不動産部門、PM会社
不動産管理データ,不動産契約・リース（推定）,賃貸管理（レントロール）,PM会社,システム,空室表,77,空き合計,契約している物件のうち、使われていない面積,中,M117,顧客の不動産部門、PM会社
不動産管理データ,不動産契約・リース,賃貸管理（レントロール）,PM会社,システム,空室表,78,空き面積合計,契約している物件のうち、使われていない面積,中,M118,顧客の不動産部門、PM会社
FM運営データ,エネルギー（推定）,BEMS,FM業者（設備管理）,システム,検針データ,101,度日の値は、建物レコードから取得します。,その時期に冷暖房がどれだけ必要だったかを表す気温の指標（冷暖房度日）,低,M044 M045 M046,気象庁（公開データ）、FM業者自身（算出）
FM運営データ,タスク・保全,CMMS（保全管理システム）,FM業者（保全担当）,システム,CMMS（データ全般）,3,実終了日,保守・修繕などの作業が実際に終わった日,低,M002,FM業者自身・保守協力会社
FM運営データ,タスク・保全,CMMS（保全管理システム）,FM業者（保全担当）,システム,CMMS（データ全般）,4,計画上の終了日,保守・修繕などの作業を終える予定だった日,低,M002,FM業者自身・顧客の施設管理担当
FM運営データ,タスク・保全（推定）,CMMS（保全管理システム）,FM業者（保全担当）,システム,CMMS（データ全般）,50,タスク – 担当組織セクションを持つすべてのタスク・タイプを含む,担当する会社・部署が決まっている作業の記録,低,M066 M073,FM業者自身・保守協力会社
FM運営データ,タスク・保全,CMMS（保全管理システム）,FM業者（保全担当）,システム,CMMS（データ全般）,61,「タスク・タイプ」が「予防」、「状況」が「完了」または「クローズ済み」、「計画上の終了」が収集期間内にある、完了した予防保全タスクの総数,期間中に終わった定期点検・予防保全の件数,低,M087,FM業者自身・保守協力会社
FM運営データ,タスク・保全,CMMS（保全管理システム）,FM業者（保全担当）,システム,CMMS（データ全般）,62,「タスク・タイプ」が「予防」、「状況」が「完了」、「クローズ済み」、または「計画」、「計画上の終了」が収集期間内にある、スケジュール済みの予防保全タスクの総数,期間中に予定していた定期点検・予防保全の件数,低,M087,FM業者自身
FM運営データ,タスク・保全（推定）,CMMS（保全管理システム）,FM業者（保全担当）,システム,CMMS（データ全般）,80,タスク・タイプ別の完了タスクの合計コスト,作業の種類（点検・修繕など）ごとの費用,低,M122,FM業者自身
FM運営データ,タスク・保全（推定）,CMMS（保全管理システム）,FM業者（保全担当）,システム,CMMS（データ全般）,81,完了タスクの合計コスト,終わった作業にかかった費用の合計,低,M122,FM業者自身
FM運営データ,タスク・保全（推定）,CMMS（保全管理システム）,FM業者（保全担当）,システム,CMMS（データ全般）,87,「タスク・タイプ」 = 「改良」である完了したタスクの数の合計,終わった修繕作業の件数,低,M011,FM業者自身・保守協力会社
FM運営データ,タスク・保全（推定）,CMMS（保全管理システム）,FM業者（保全担当）,システム,CMMS（データ全般）,99,緊急タスク・コストの合計 = 完了したタスクのコストの合計。ここで、「タスクの優先順位」 = 「緊急時」、「状況」 = 「完了」または「クローズ済み」であり、「計画上の終了」は収集期間の範囲内です。,緊急対応（故障・トラブル）にかかった費用,低,M033,FM業者自身・保守協力会社
FM運営データ,タスク・保全（推定）,CMMS（保全管理システム）,FM業者（保全担当）,システム,CMMS（データ全般）,100,メンテナンス・コストの合計 = 完了したタスクのコストの合計。「状況」 = 「完了」または「クローズ済み」であり、「計画上の終了」は収集期間の範囲内です。,終わった保守・修繕作業にかかった費用の合計,低,M033,FM業者自身・保守協力会社
FM運営データ,タスク・保全（推定）,CMMS（保全管理システム）,FM業者（保全担当）,システム,CMMS（データ全般）,110,タスク – ベースライン完了日、ベースライン予定日、完了/クローズ状況,作業の約束の期限と、実際に終わった日,低,M067 M074,FM業者自身・保守協力会社
FM運営データ,タスク・保全（推定）,CMMS（保全管理システム）,FM業者（保全担当）,システム,CMMS（データ全般）,115,タスクの合計契約コスト = タスクに関連付けられている担当組織が外部組織であるか、担当組織が社内の部門または機関あるいは作業グループであっても、リソースとして外部組織が指定されている場合の合計タスク・コスト。,外部の業者に任せた作業の費用,中,M078,FM業者自身・保守協力会社、顧客の施設部門
FM運営データ,タスク・保全（推定）,CMMS（保全管理システム）,FM業者（保全担当）,システム,CMMS（データ全般）,116,合計タスク・コスト = すべてのタスクの合計コスト,すべての作業の費用の合計,中,M078,FM業者自身、顧客の施設部門
FM運営データ,タスク・保全（推定）,CMMS（保全管理システム）,FM業者（保全担当）,システム,CMMS（データ全般）,127,タスク・コスト、サブタブ・データ照会用: 関連する建物総面積、関連するタスク組織 (要求者、責任者),作業の費用と、依頼した部署・建物の面積の情報,中,M101,FM業者自身＋顧客（組織マスタ）
FM運営データ,タスク・保全（推定）,CMMS（保全管理システム）,FM業者（保全担当）,システム,CMMS（データ全般）,128,タスク・オブジェクトとタスク・コストのための関連するデータ、ロケーション、および建物データ,作業の記録と、その場所（建物・拠点）の情報,低,M102,FM業者自身
FM運営データ,タスク・保全（推定）,CMMS（保全管理システム）,FM業者（保全担当）,システム,作業依頼の受付記録,50,タスク – 担当組織セクションを持つすべてのタスク・タイプを含む,担当する会社・部署が決まっている作業の記録,低,M066 M073,FM業者自身・保守協力会社
FM運営データ,ヘルプデスク（推定）,CMMS（保全管理システム）,FM業者（保全担当）,システム,作業依頼の受付記録,94,コンタクト・センター通信レコード - 開始時間 – 終了時間,ヘルプデスクが1件の問い合わせに対応した時間,中,M019,ヘルプデスクの運営者（FM業者が受託している場合はFM業者自身）
FM運営データ,タスク・保全（推定）,CMMS（保全管理システム）,FM業者（保全担当）,システム,作業依頼の受付記録,128,タスク・オブジェクトとタスク・コストのための関連するデータ、ロケーション、および建物データ,作業の記録と、その場所（建物・拠点）の情報,低,M102,FM業者自身
FM運営データ,タスク・保全,CMMS（保全管理システム）,FM業者（保全担当）,システム,作業報告書・点検報告書,3,実終了日,保守・修繕などの作業が実際に終わった日,低,M002,FM業者自身・保守協力会社
FM運営データ,タスク・保全,CMMS（保全管理システム）,FM業者（保全担当）,システム,作業報告書・点検報告書,61,「タスク・タイプ」が「予防」、「状況」が「完了」または「クローズ済み」、「計画上の終了」が収集期間内にある、完了した予防保全タスクの総数,期間中に終わった定期点検・予防保全の件数,低,M087,FM業者自身・保守協力会社
FM運営データ,タスク・保全（推定）,CMMS（保全管理システム）,FM業者（保全担当）,システム,作業報告書・点検報告書,86,「コールバック」フィールド = TRUE および「タスク・タイプ」 = 「改良」である完了したタスクの数の合計,修繕したのに不具合が再発し、もう一度対応した件数,中,M011,FM業者自身・保守協力会社
FM運営データ,タスク・保全（推定）,CMMS（保全管理システム）,FM業者（保全担当）,システム,作業報告書・点検報告書,87,「タスク・タイプ」 = 「改良」である完了したタスクの数の合計,終わった修繕作業の件数,低,M011,FM業者自身・保守協力会社
FM運営データ,タスク・保全（推定）,CMMS（保全管理システム）,FM業者（保全担当）,システム,作業報告書・点検報告書,110,タスク – ベースライン完了日、ベースライン予定日、完了/クローズ状況,作業の約束の期限と、実際に終わった日,低,M067 M074,FM業者自身・保守協力会社
FM運営データ,タスク・保全,CMMS（保全管理システム）,FM業者（保全担当）,システム,作業指示票,3,実終了日,保守・修繕などの作業が実際に終わった日,低,M002,FM業者自身・保守協力会社
FM運営データ,タスク・保全,CMMS（保全管理システム）,FM業者（保全担当）,システム,作業指示票,4,計画上の終了日,保守・修繕などの作業を終える予定だった日,低,M002,FM業者自身・顧客の施設管理担当
FM運営データ,タスク・保全（推定）,CMMS（保全管理システム）,FM業者（保全担当）,システム,作業指示票,50,タスク – 担当組織セクションを持つすべてのタスク・タイプを含む,担当する会社・部署が決まっている作業の記録,低,M066 M073,FM業者自身・保守協力会社
FM運営データ,タスク・保全（推定）,CMMS（保全管理システム）,FM業者（保全担当）,システム,作業指示票,110,タスク – ベースライン完了日、ベースライン予定日、完了/クローズ状況,作業の約束の期限と、実際に終わった日,低,M067 M074,FM業者自身・保守協力会社
FM運営データ,タスク・保全（推定）,CMMS（保全管理システム）,FM業者（保全担当）,システム,修繕工事の記録,64,「タスク・タイプ」が「改良」である完了済みタスクの合計コスト,修繕（壊れたものを直す作業）にかかった費用,低,M088,FM業者自身・修繕施工会社
FM運営データ,タスク・保全,CMMS（保全管理システム）,FM業者（保全担当）,システム,年間保守・点検計画表,4,計画上の終了日,保守・修繕などの作業を終える予定だった日,低,M002,FM業者自身・顧客の施設管理担当
FM運営データ,タスク・保全,CMMS（保全管理システム）,FM業者（保全担当）,システム,年間保守・点検計画表,62,「タスク・タイプ」が「予防」、「状況」が「完了」、「クローズ済み」、または「計画」、「計画上の終了」が収集期間内にある、スケジュール済みの予防保全タスクの総数,期間中に予定していた定期点検・予防保全の件数,低,M087,FM業者自身
FM運営データ,調査・評価（推定）,サステナビリティ資料,顧客 環境・CSR部門,紙・Excel,サステナビリティ報告の資料,35,環境要求評価:,環境への配慮についての評価アンケート（下の2行をまとめる見出し）,高,M052,顧客の環境・CSR部門（※見出し行。36・37の親項目）
FM運営データ,勤怠・作業時間（推定）,人事システム,顧客 人事部門,システム,組織・拠点マスタ,53,組織、ロケーション、および地域は、タイム・カード・エントリーの従業員の関連付けに基づきます。,作業員の所属と担当拠点（作業時間をどこの分として数えるかの基準）,中,M070 M083 M103,FM業者自身（勤怠）＋顧客（組織マスタ）
FM運営データ,タスク・保全（推定）,人事システム,顧客 人事部門,システム,組織・拠点マスタ,127,タスク・コスト、サブタブ・データ照会用: 関連する建物総面積、関連するタスク組織 (要求者、責任者),作業の費用と、依頼した部署・建物の面積の情報,中,M101,FM業者自身＋顧客（組織マスタ）
FM運営データ,勤怠・作業時間（推定）,勤怠システム,FM業者（労務管理）,システム,タイムカード,60,タイム・カードおよび時間エントリーから:,作業員の勤務・作業時間の記録（No.52・53 をまとめる見出し）,低,M083,FM業者自身
FM運営データ,勤怠・作業時間（推定）,勤怠システム,FM業者（労務管理）,システム,作業日報,52,期間は時間ログの明細日付に基づきます (タイム・カード期間ではありません),作業時間を記録した日付（どの期間に数えるかの基準）,低,M070 M083,FM業者自身
FM運営データ,勤怠・作業時間（推定）,勤怠システム,FM業者（労務管理）,システム,作業日報,53,組織、ロケーション、および地域は、タイム・カード・エントリーの従業員の関連付けに基づきます。,作業員の所属と担当拠点（作業時間をどこの分として数えるかの基準）,中,M070 M083 M103,FM業者自身（勤怠）＋顧客（組織マスタ）
FM運営データ,勤怠・作業時間（推定）,勤怠システム,FM業者（労務管理）,システム,作業日報,69,期間は時間ログの明細日付に基づきます (タイム・カード期間ではありません)。,作業時間を記録した日付（どの期間に数えるかの基準）,低,M103,FM業者自身
FM運営データ,勤怠・作業時間（推定）,勤怠システム,FM業者（労務管理）,システム,作業日報,111,タスク関連の時間エントリーの合計時間 = 該当する収集期間について関連付けられたタスクを持つ時間エントリーに記録された合計時間,作業員が実際に作業に使った時間,中,M070,FM業者自身
FM運営データ,勤怠・作業時間（推定）,勤怠システム,FM業者（労務管理）,システム,作業日報,129,タスク関連の時間エントリーの合計時間 = 該当する収集期間について関連付けられたタスクを持つ時間エントリーに記録された合計時間。,作業員が実際に作業に使った時間,中,M103,FM業者自身
FM運営データ,勤怠・作業時間（推定）,勤怠システム,FM業者（労務管理）,システム,勤務シフト表,112,時間エントリーの合計時間 = 該当する収集期間についてタスク関連の時間エントリー (分子) 内に収集された個人の作業スケジュールに基づく合計「標準」時間 (つまり 1 日 8 時間、週 40 時間),作業員の本来の勤務時間（1日8時間など）,低,M070,FM業者自身
FM運営データ,勤怠・作業時間（推定）,勤怠システム,FM業者（労務管理）,システム,勤務シフト表,118,時間エントリーの合計時間 = 該当する収集期間についてタスク関連の時間エントリー (分子) 内に収集された個人の作業スケジュールに基づく合計「標準」時間 (つまり 1 日 8 時間、週 40 時間) (triTask – 担当組織セクションを持つすべてのタスク・タイプを含む),作業員の本来の勤務時間（1日8時間など）,低,M083,FM業者自身
FM運営データ,勤怠・作業時間（推定）,勤怠システム,FM業者（労務管理）,システム,勤務シフト表,130,時間エントリーの合計時間 = 該当する収集期間についてタスク関連の時間エントリー (分子) 内に収集された個人の作業スケジュールに基づく合計「標準」時間 (つまり 1 日 8 時間、週 40 時間など),作業員の本来の勤務時間（1日8時間など）,低,M103,FM業者自身
FM運営データ,勤怠・作業時間（推定）,勤怠システム,FM業者（労務管理）,システム,勤怠データ,52,期間は時間ログの明細日付に基づきます (タイム・カード期間ではありません),作業時間を記録した日付（どの期間に数えるかの基準）,低,M070 M083,FM業者自身
FM運営データ,勤怠・作業時間（推定）,勤怠システム,FM業者（労務管理）,システム,勤怠データ,53,組織、ロケーション、および地域は、タイム・カード・エントリーの従業員の関連付けに基づきます。,作業員の所属と担当拠点（作業時間をどこの分として数えるかの基準）,中,M070 M083 M103,FM業者自身（勤怠）＋顧客（組織マスタ）
FM運営データ,勤怠・作業時間（推定）,勤怠システム,FM業者（労務管理）,システム,勤怠データ,60,タイム・カードおよび時間エントリーから:,作業員の勤務・作業時間の記録（No.52・53 をまとめる見出し）,低,M083,FM業者自身
FM運営データ,勤怠・作業時間（推定）,勤怠システム,FM業者（労務管理）,システム,勤怠データ,69,期間は時間ログの明細日付に基づきます (タイム・カード期間ではありません)。,作業時間を記録した日付（どの期間に数えるかの基準）,低,M103,FM業者自身
FM運営データ,勤怠・作業時間（推定）,勤怠システム,FM業者（労務管理）,システム,勤怠データ,111,タスク関連の時間エントリーの合計時間 = 該当する収集期間について関連付けられたタスクを持つ時間エントリーに記録された合計時間,作業員が実際に作業に使った時間,中,M070,FM業者自身
FM運営データ,勤怠・作業時間（推定）,勤怠システム,FM業者（労務管理）,システム,勤怠データ,112,時間エントリーの合計時間 = 該当する収集期間についてタスク関連の時間エントリー (分子) 内に収集された個人の作業スケジュールに基づく合計「標準」時間 (つまり 1 日 8 時間、週 40 時間),作業員の本来の勤務時間（1日8時間など）,低,M070,FM業者自身
FM運営データ,勤怠・作業時間,勤怠システム,FM業者（労務管理）,システム,勤怠データ,117,「時間タイプ」=「時間外勤務時間」の時間エントリー,作業員の残業時間,低,M083,FM業者自身
FM運営データ,勤怠・作業時間（推定）,勤怠システム,FM業者（労務管理）,システム,勤怠データ,118,時間エントリーの合計時間 = 該当する収集期間についてタスク関連の時間エントリー (分子) 内に収集された個人の作業スケジュールに基づく合計「標準」時間 (つまり 1 日 8 時間、週 40 時間) (triTask – 担当組織セクションを持つすべてのタスク・タイプを含む),作業員の本来の勤務時間（1日8時間など）,低,M083,FM業者自身
FM運営データ,勤怠・作業時間（推定）,勤怠システム,FM業者（労務管理）,システム,勤怠データ,129,タスク関連の時間エントリーの合計時間 = 該当する収集期間について関連付けられたタスクを持つ時間エントリーに記録された合計時間。,作業員が実際に作業に使った時間,中,M103,FM業者自身
FM運営データ,勤怠・作業時間（推定）,勤怠システム,FM業者（労務管理）,システム,勤怠データ,130,時間エントリーの合計時間 = 該当する収集期間についてタスク関連の時間エントリー (分子) 内に収集された個人の作業スケジュールに基づく合計「標準」時間 (つまり 1 日 8 時間、週 40 時間など),作業員の本来の勤務時間（1日8時間など）,低,M103,FM業者自身
FM運営データ,面積・スペース,業務仕様書類,FM業者（清掃・保守担当）,紙・Excel,保守対象範囲図,44,フロア・レコードで「メンテナンスされた床」フィールドが「TRUE」である面積の合計。,清掃・保守の対象になっている床面積,低,M060 M100,FM業者自身（清掃・保守担当）
FM運営データ,面積・スペース,業務仕様書類,FM業者（清掃・保守担当）,紙・Excel,清掃仕様書,44,フロア・レコードで「メンテナンスされた床」フィールドが「TRUE」である面積の合計。,清掃・保守の対象になっている床面積,低,M060 M100,FM業者自身（清掃・保守担当）
FM運営データ,面積・スペース,業務仕様書類,FM業者（清掃・保守担当）,紙・Excel,清掃面積表,44,フロア・レコードで「メンテナンスされた床」フィールドが「TRUE」である面積の合計。,清掃・保守の対象になっている床面積,低,M060 M100,FM業者自身（清掃・保守担当）
FM運営データ,調査・評価,業者評価資料,顧客 購買部門,紙・Excel,業者評価の調査票設計書,59,合計調査質問予想スコア,委託先についての評価アンケートの満点,中,M081 M082,顧客の購買・施設部門
FM運営データ,調査・評価,業者評価資料,顧客 購買部門,紙・Excel,業者評価表,58,合計調査回答スコア,委託先（FM業者など）についての評価アンケートの点数,高,M081 M082,顧客の購買・施設部門
FM運営データ,エネルギー（推定）,気象データ（公開）,気象庁,システム,日平均気温（度日の算出元）,101,度日の値は、建物レコードから取得します。,その時期に冷暖房がどれだけ必要だったかを表す気温の指標（冷暖房度日）,低,M044 M045 M046,気象庁（公開データ）、FM業者自身（算出）
FM運営データ,タスク・保全（推定）,竣工図書・面積資料（CAD／紙）,建物所有者（顧客 不動産部門）,紙・Excel,面積表,127,タスク・コスト、サブタブ・データ照会用: 関連する建物総面積、関連するタスク組織 (要求者、責任者),作業の費用と、依頼した部署・建物の面積の情報,中,M101,FM業者自身＋顧客（組織マスタ）
FM運営データ,タスク・保全（推定）,見積・請求管理,FM業者（営業・経理）,システム,作業実績・請求明細,51,計画上のコスト、実コスト (完了またはクローズしたタスクについて),作業の見積額と、実際にかかった費用,低,M066 M073,FM業者自身
FM運営データ,タスク・保全（推定）,見積・請求管理,FM業者（営業・経理）,システム,作業実績・請求明細,63,「タスク・タイプ」が「予防」である完了済み予防タスクの合計コスト,定期点検・予防保全にかかった費用,低,M088,FM業者自身
FM運営データ,タスク・保全（推定）,見積・請求管理,FM業者（営業・経理）,システム,作業実績・請求明細,64,「タスク・タイプ」が「改良」である完了済みタスクの合計コスト,修繕（壊れたものを直す作業）にかかった費用,低,M088,FM業者自身・修繕施工会社
FM運営データ,タスク・保全（推定）,見積・請求管理,FM業者（営業・経理）,システム,作業実績・請求明細,80,タスク・タイプ別の完了タスクの合計コスト,作業の種類（点検・修繕など）ごとの費用,低,M122,FM業者自身
FM運営データ,タスク・保全（推定）,見積・請求管理,FM業者（営業・経理）,システム,作業実績・請求明細,81,完了タスクの合計コスト,終わった作業にかかった費用の合計,低,M122,FM業者自身
FM運営データ,タスク・保全（推定）,見積・請求管理,FM業者（営業・経理）,システム,作業実績・請求明細,99,緊急タスク・コストの合計 = 完了したタスクのコストの合計。ここで、「タスクの優先順位」 = 「緊急時」、「状況」 = 「完了」または「クローズ済み」であり、「計画上の終了」は収集期間の範囲内です。,緊急対応（故障・トラブル）にかかった費用,低,M033,FM業者自身・保守協力会社
FM運営データ,タスク・保全（推定）,見積・請求管理,FM業者（営業・経理）,システム,作業実績・請求明細,100,メンテナンス・コストの合計 = 完了したタスクのコストの合計。「状況」 = 「完了」または「クローズ済み」であり、「計画上の終了」は収集期間の範囲内です。,終わった保守・修繕作業にかかった費用の合計,低,M033,FM業者自身・保守協力会社
FM運営データ,タスク・保全（推定）,見積・請求管理,FM業者（営業・経理）,システム,作業実績・請求明細,116,合計タスク・コスト = すべてのタスクの合計コスト,すべての作業の費用の合計,中,M078,FM業者自身、顧客の施設部門
FM運営データ,タスク・保全（推定）,見積・請求管理,FM業者（営業・経理）,システム,作業実績・請求明細,127,タスク・コスト、サブタブ・データ照会用: 関連する建物総面積、関連するタスク組織 (要求者、責任者),作業の費用と、依頼した部署・建物の面積の情報,中,M101,FM業者自身＋顧客（組織マスタ）
FM運営データ,タスク・保全（推定）,見積・請求管理,FM業者（営業・経理）,システム,協力会社からの請求書,115,タスクの合計契約コスト = タスクに関連付けられている担当組織が外部組織であるか、担当組織が社内の部門または機関あるいは作業グループであっても、リソースとして外部組織が指定されている場合の合計タスク・コスト。,外部の業者に任せた作業の費用,中,M078,FM業者自身・保守協力会社、顧客の施設部門
FM運営データ,タスク・保全（推定）,見積・請求管理,FM業者（営業・経理）,システム,見積書,51,計画上のコスト、実コスト (完了またはクローズしたタスクについて),作業の見積額と、実際にかかった費用,低,M066 M073,FM業者自身
FM運営データ,タスク・保全（推定）,見積・請求管理,FM業者（営業・経理）,システム,見積書,63,「タスク・タイプ」が「予防」である完了済み予防タスクの合計コスト,定期点検・予防保全にかかった費用,低,M088,FM業者自身
FM運営データ,調査・評価（推定）,調査票・回答集計（Excel／Webフォーム）,調査の実施者（顧客 施設部門 または FM業者）,紙・Excel,回答集計表,36,合計調査回答スコア,アンケートの回答の点数の合計,中,M052 M080,調査の実施者（顧客の施設部門またはFM業者）
FM運営データ,調査・評価（推定）,調査票・回答集計（Excel／Webフォーム）,調査の実施者（顧客 施設部門 または FM業者）,紙・Excel,回答集計表,37,スコアが 0.0 を超える調査質問の総数、該当しない回答の除外、またはその両方。,点数が付く質問の数（「該当なし」を除く）,中,M052,調査の設計者（顧客の施設部門またはFM業者）
FM運営データ,調査・評価,調査票・回答集計（Excel／Webフォーム）,調査の実施者（顧客 施設部門 または FM業者）,紙・Excel,回答集計表,38,合計調査回答スコア,環境への配慮についてのアンケートの点数の合計,中,M056,顧客の環境・CSR部門、調査の実施者
FM運営データ,調査・評価,調査票・回答集計（Excel／Webフォーム）,調査の実施者（顧客 施設部門 または FM業者）,紙・Excel,回答集計表,39,スコアが 0.0 を超える調査質問の総数、該当しない回答の除外、またはその両方。,環境への配慮についてのアンケートで、点数が付く質問の数,中,M056,顧客の環境・CSR部門、調査の実施者
FM運営データ,調査・評価（推定）,調査票・回答集計（Excel／Webフォーム）,調査の実施者（顧客 施設部門 または FM業者）,紙・Excel,調査票の設計書（配点）,35,環境要求評価:,環境への配慮についての評価アンケート（下の2行をまとめる見出し）,高,M052,顧客の環境・CSR部門（※見出し行。36・37の親項目）
FM運営データ,調査・評価（推定）,調査票・回答集計（Excel／Webフォーム）,調査の実施者（顧客 施設部門 または FM業者）,紙・Excel,調査票の設計書（配点）,37,スコアが 0.0 を超える調査質問の総数、該当しない回答の除外、またはその両方。,点数が付く質問の数（「該当なし」を除く）,中,M052,調査の設計者（顧客の施設部門またはFM業者）
FM運営データ,調査・評価,調査票・回答集計（Excel／Webフォーム）,調査の実施者（顧客 施設部門 または FM業者）,紙・Excel,調査票の設計書（配点）,39,スコアが 0.0 を超える調査質問の総数、該当しない回答の除外、またはその両方。,環境への配慮についてのアンケートで、点数が付く質問の数,中,M056,顧客の環境・CSR部門、調査の実施者
FM運営データ,調査・評価（推定）,調査票・回答集計（Excel／Webフォーム）,調査の実施者（顧客 施設部門 または FM業者）,紙・Excel,調査票の設計書（配点）,56,ポートフォリオ・マネージャー評価:,不動産の管理担当者についての評価アンケート（下の行をまとめる見出し）,中,M080,顧客の不動産部門（※見出し行。57の親項目）
FM運営データ,調査・評価（推定）,調査票・回答集計（Excel／Webフォーム）,調査の実施者（顧客 施設部門 または FM業者）,紙・Excel,調査票の設計書（配点）,57,合計調査質問予想スコア,アンケートの満点（質問ごとの配点の合計）,低,M080,調査の設計者（顧客またはFM業者）
FM運営データ,ヘルプデスク（推定）,電話システム（CTI）,ヘルプデスクの運営者（FM業者が受託している場合はFM業者）,システム,通話記録,94,コンタクト・センター通信レコード - 開始時間 – 終了時間,ヘルプデスクが1件の問い合わせに対応した時間,中,M019,ヘルプデスクの運営者（FM業者が受託している場合はFM業者自身）
